漢字,名乗り訓
一,い
一,おさむ
一,か
一,かず
一,かつ
一,はじめ
一,ひ
一,ひで
一,ひとし
一,まこと
一,もと
音,お
音,と
音,なり
雨,さめ
雨,ふる
円,かず
円,つぶら
円,のぶ
円,まど
円,まどか
円,まる
円,みつ
王,お
王,き
王,たか
王,わ
王,わか
花,はる
花,みち
花,もと
学,あきら
学,さと
学,たか
学,のり
学,ひさ
学,まなぶ
学,みち
九,かず
九,ここ
九,ただ
九,ちか
九,ひさ
九,ひさし
玉,きよ
玉,た
空,く
空,たか
気,おき
月,づき
見,あき
見,あきら
見,ちか
見,まゆみ
見,み
五,い
五,いず
五,かず
五,ゆき
金,か
左,すけ
三,かず
三,さ
三,さぶ
三,そ
三,ぞう
三,なお
三,みつ
山,たか
山,たかし
山,たけし
四,ひろ
四,もち
子,たか
子,とし
子,やす
糸,たえ
糸,ため
糸,つら
糸,より
耳,み
七,かず
七,な
車,くら
車,のり
十,かず
十,しげ
十,じつ
十,そ
十,ただ
十,とみ
十,ひさし
十,みつ
十,みつる
出,いず
出,いずる
女,こ
女,たか
女,よし
小,ち
正,あきら
正,かみ
正,ただし
正,なお
正,まさし
正,よし
森,しげ
森,しげる
人,きよ
人,たみ
人,と
人,ひこ
人,ひとし
人,め
水,たいら
水,な
水,み
水,みな
水,ゆ
生,あり
生,い
生,いき
生,いく
生,う
生,うまる
生,お
生,おき
生,すすむ
生,たか
生,なり
生,のう
生,のり
生,ふ
生,ふゆ
生,ぶ
生,み
生,よ
青,きよ
青,しげ
青,しげる
青,じょう
青,はる
石,あつ
石,いそ
石,いわ
石,かた
石,し
夕,ゆ
千,かず
千,ゆき
先,すすむ
先,ゆき
草,かや
草,さ
草,しげ
早,さき
足,たり
足,なり
足,みつ
足,ゆき
村,さと
村,すえ
村,つね
大,お
大,た
大,たけし
大,とも
大,はじめ
大,はる
大,ひろ
大,ひろし
大,まさる
大,もと
男,お
男,おと
竹,たか
天,かみ
天,たか
天,たかし
二,かず
二,つぎ
二,つぐ
二,ならぶ
二,ふ
日,あき
日,あさ
日,はる
日,ひる
年,かず
年,ちか
年,と
年,みのる
白,あき
白,あきら
白,きよ
八,かず
八,は
八,やつ
八,わ
八,わかつ
百,お
百,と
百,も
名,あきら
名,かた
名,なずく
名,もり
木,しげ
目,み
文,あき
文,いと
文,とも
文,のり
文,ふ
文,み
文,や
文,やす
文,ゆき
文,よし
右,あき
右,すけ
右,たか
右,たすく
右,ゆ
力,いさお
力,いさむ
力,お
力,か
力,ちか
力,つとむ
力,よし
力,り
立,たか
立,たかし
立,たち
立,たつ
立,たつる
立,たて
立,たる
立,はる
林,き
林,しげ
林,もと
林,もり
林,よし
六,むつ
羽,つばさ
羽,ば
羽,わね
雲,も
雲,ゆく
会,あい
海,あま
海,うな
海,み
楽,ささ
楽,もと
楽,よし
楽,ら
活,いく
丸,まろ
記,とし
記,なり
記,のり
記,ふさ
記,ふみ
記,よし
弓,ゆ
牛,とし
魚,いお
魚,お
魚,な
教,かず
教,たか
教,なり
教,のり
教,みち
教,ゆき
強,あつ
強,たけ
強,つよし
京,あつ
京,おさむ
京,たかし
京,ちか
京,ひろし
計,かず
計,かずい
計,かずえ
計,かずお
計,かずし
原,はじめ
言,あき
言,あや
言,とき
言,のぶ
言,のり
言,ゆう
言,ゆき
元,あさ
元,ちか
元,はじめ
元,はる
元,まさ
元,ゆき
元,よし
古,たか
古,ひさ
語,かた
語,こと
語,つぐ
午,ま
広,お
広,たけ
広,ひろし
交,あう
交,かた
交,とも
交,みち
交,よしみ
工,たくむ
工,ただ
工,よし
光,あき
光,あきら
光,てる
光,ひろ
光,み
光,みつ
光,みつる
光,る
公,あきら
公,いさお
公,きん
公,さと
公,たか
公,ただ
公,ただし
公,とおる
公,とも
公,なお
公,ひと
公,ひろ
公,まさ
公,ゆき
考,たか
考,ただ
考,ちか
考,とし
考,なり
考,のり
考,やす
考,よし
黄,かつみ
行,いく
行,き
行,のり
行,ゆき
高,あき
高,あきら
高,うえ
高,すけ
高,たかし
高,たけ
合,あい
合,かい
合,はる
合,り
国,とき
谷,ひろ
才,かた
才,さ
才,たえ
才,とし
才,もち
作,あり
作,とも
作,なお
作,なり
算,とも
算,はかる
矢,ただ
矢,ただし
矢,ちかう
矢,ちこう
矢,なお
矢,やはぎ
市,ち
市,なが
市,まち
時,これ
時,ちか
時,はる
時,もち
時,ゆき
時,よし
時,より
自,おの
自,これ
自,さだ
色,くさ
色,しな
社,こそ
社,たか
首,おびと
首,かみ
首,さき
首,はじめ
秋,あきら
秋,とし
秋,みのる
春,あずま
春,あつ
春,かす
春,かず
春,す
春,とき
春,は
春,はじめ
食,あき
食,あきら
食,うけ
食,くら
食,け
食,みけ
新,あきら
新,あらた
新,すすむ
新,ちか
新,はじめ
新,よし
新,わか
親,いたる
親,ちか
親,ちかし
親,なる
親,ひと
親,ひとし
親,み
親,みる
親,むつ
親,もと
親,よしみ
親,より
心,きよ
心,ここ
心,ご
心,さね
心,なか
心,まな
心,み
心,むね
心,もと
頭,あき
頭,あきら
頭,はじめ
数,のり
数,ひら
数,や
星,あかり
星,せ
星,とし
晴,きよし
晴,てる
晴,なり
晴,はる
晴,はれ
雪,きよ
雪,きよし
雪,きよみ
雪,きよむ
雪,すすむ
前,くま
前,すすむ
前,ちか
走,ゆき
太,うず
太,おお
太,たか
太,と
太,ひろ
太,ふと
太,ふとし
太,もと
多,おおし
多,かず
多,とみ
多,な
多,なお
多,まさ
多,まさる
体,なり
体,み
体,みる
体,もと
地,くに
知,あき
知,あきら
知,おき
知,かず
知,さと
知,さとし
知,さとり
知,さとる
知,ちか
知,つぐ
知,とし
知,とも
知,のり
知,はる
長,たか
長,たかし
長,たけ
長,たけし
長,つね
長,なが
長,ながし
長,のぶ
長,ひさ
長,ひさし
長,まさ
長,まさる
長,ます
長,みち
朝,さ
朝,とき
朝,とも
朝,のり
朝,はじめ
鳥,と
直,すなお
直,ただし
直,まさ
通,いたる
通,とお
通,とおる
通,とし
通,とる
通,なお
通,のぶ
通,ひらく
通,みち
通,みつ
通,やす
通,ゆき
電,あきら
電,ひかり
冬,かず
冬,と
冬,とし
刀,と
刀,はかし
当,あたる
答,さと
答,とし
答,とみ
答,とも
答,のり
東,あきら
東,き
東,と
東,はじめ
東,はる
東,ひで
東,もと
道,おさむ
道,おさめ
道,じ
道,ただし
道,ち
道,つね
道,なお
道,なおし
道,のり
道,まさ
道,ゆう
道,ゆき
道,より
道,わたる
同,あつ
同,あつむ
同,とも
同,ひとし
南,あけ
南,なみ
南,みな
南,よし
馬,たけし
半,なか
半,なからい
歩,あゆみ
歩,あゆむ
歩,すすむ
風,か
分,くまり
分,ちか
分,わか
聞,か
聞,ひろ
北,た
万,かず
万,かつ
万,すすむ
万,たか
万,つむ
万,つもる
万,ま
鳴,なり
明,あきら
明,あけ
明,てる
明,はる
明,ひろ
毛,あつ
門,ひろ
門,ゆき
野,とお
野,なお
野,ぬ
野,ひろ
夜,やす
友,すけ
友,ゆ
曜,あき
曜,あきら
曜,てらす
曜,てる
曜,ひかり
用,ちか
用,もち
来,き
来,く
来,こ
来,な
来,ゆき
来,ら
里,さとし
里,さとる
里,のり
理,あや
理,おさ
理,おさむ
理,さと
理,すけ
理,たか
理,ただ
理,ただし
理,とし
理,のり
理,まさ
理,みち
理,よし
安,あ
安,さだ
安,やすし
医,おさむ
育,すけ
育,なり
育,なる
育,やす
員,さだ
運,かず
運,やす
運,ゆき
央,あきら
央,お
央,ちか
央,てる
央,なか
央,ひさ
央,ひさし
央,ひろ
央,ひろし
温,あつ
温,あつし
温,いろ
温,すなお
温,ただす
温,つつむ
温,なが
温,ならう
温,のどか
温,はる
温,まさ
温,みつ
温,やす
温,ゆたか
温,よし
開,あき
開,あけ
開,さく
開,さとる
開,とおる
開,のぶ
開,はじめ
開,はる
開,はるき
開,ひら
起,おき
起,かず
起,たつ
起,ゆき
球,まり
究,きわみ
究,きわむ
究,さた
究,さだ
究,すみ
究,み
去,なる
橋,たか
業,なり
業,のり
銀,かね
具,とも
君,きん
君,こ
君,すえ
君,なお
君,よし
化,のり
軽,かる
軽,とし
係,たえ
研,あき
研,かず
研,きし
研,きよ
研,よし
湖,うみ
湖,ご
湖,ひろし
幸,さき
幸,たか
幸,とも
幸,ひで
幸,ゆき
幸,よし
向,ひさ
始,とも
始,はじめ
始,はる
始,もと
歯,かた
歯,とし
詩,たもつ
詩,ゆき
仕,まなぶ
次,ちか
次,つぐ
次,ひで
実,これ
実,ちか
実,なお
実,のり
実,みつ
実,みのる
酒,み
守,え
守,さね
守,まもる
主,かず
主,きみ
主,つかさ
主,もり
主,ゆき
習,しげ
習,まなぶ
集,あい
集,あつむ
集,い
集,ため
集,ち
集,ちか
集,つどい
集,やす
集,やすし
重,あつ
重,あつし
重,おもし
重,かさぬ
重,かず
重,かたし
重,しげ
重,しげし
重,しげる
重,ただ
重,ただし
重,のぶ
重,ふさ
助,たすく
助,ひろ
助,ます
昭,あきら
昭,いか
昭,てる
章,あき
章,あきら
章,き
章,たか
章,とし
章,のり
章,ふさ
章,ゆき
勝,すぐる
勝,とう
勝,のり
勝,まさ
勝,まさる
勝,ます
勝,よし
乗,あき
乗,しげ
乗,のぼる
乗,のり
進,す
進,すす
進,すすみ
進,すすむ
進,つとむ
進,のぶ
進,のぼる
進,みち
進,ゆき
申,しげる
申,のぶ
申,み
申,もち
深,とお
深,ふかし
真,さだ
真,さな
真,さね
真,ただ
真,ちか
真,なお
真,まさ
真,まな
真,み
世,つぎ
世,つぐ
世,とき
世,とし
整,おさむ
整,なり
整,のぶ
整,ひとし
整,まさ
整,よし
相,あう
相,すけ
相,たすく
相,とも
相,まさ
相,み
速,すすむ
速,ちか
速,ちかし
速,つぎ
速,とう
速,とし
速,はや
速,はやし
速,はやみ
速,はやむ
速,めす
他,ひと
代,とし
代,のり
代,より
調,しらべ
調,つぐ
定,さだむ
定,つら
定,やす
笛,ふ
鉄,きみ
鉄,とし
鉄,まがね
転,ひろ
都,いち
都,くに
都,さと
都,ひろ
都,よし
等,しな
等,たか
等,とし
等,とも
等,ひとし
登,たか
登,ちか
登,とみ
登,とも
登,なり
登,なる
登,のぼる
登,のり
登,み
登,みのる
動,いつ
童,わか
農,あつ
農,あつし
農,たか
農,たみ
農,つとむ
農,とき
農,とよ
農,みのり
農,みのる
波,ば
配,あつ
配,とも
美,きよし
美,とみ
美,はる
美,ふみ
美,みつ
美,よし
美,よしみ
部,きつ
部,もと
福,さき
福,さち
福,たる
福,とし
福,とみ
福,ね
福,むら
福,もと
福,よ
福,よし
平,たいら
平,とし
平,なり
平,ひとし
勉,かつ
勉,すすむ
勉,たけ
勉,つとむ
勉,まさる
由,ただ
由,ゆき
由,より
遊,なが
遊,ゆき
有,あり
有,たもつ
有,とも
有,みち
有,もち
有,ゆ
予,かね
予,やす
予,やすし
葉,くに
葉,のぶ
葉,ば
葉,ふさ
葉,よ
葉,わ
陽,あき
陽,あきら
陽,お
陽,おき
陽,きよ
陽,たか
陽,たかし
陽,なか
陽,のぼる
陽,はる
陽,ひかる
陽,や
洋,きよ
洋,なみ
洋,ひろ
洋,ひろし
洋,み
旅,たか
両,ふた
両,ふる
緑,つか
緑,つな
緑,のり
流,しく
流,とも
流,はる
礼,あき
礼,あきら
礼,あや
礼,うや
礼,かた
礼,なり
礼,ひろ
礼,ひろし
礼,まさ
礼,まさし
礼,みち
礼,ゆき
礼,よし
礼,れ
練,いさ
練,いさむ
練,ねり
練,よし
路,のり
路,ゆき
路,ゆく
和,あい
和,かず
和,たか
和,ちか
和,とも
和,なごみ
和,のどか
和,やまと
愛,あ
愛,え
愛,さね
愛,ちか
愛,なり
愛,なる
愛,のり
愛,まなみ
愛,めぐむ
愛,よし
愛,より
以,これ
以,さね
以,しげ
以,とも
以,のり
以,もち
以,ゆき
以,より
位,くら
位,たか
位,ただ
位,ただし
位,なり
位,のり
位,ひこ
衣,そ
衣,みそ
英,あきら
英,あや
英,すぐる
英,たけし
英,つね
英,てる
英,とし
英,ひで
英,ひでる
英,ひら
英,ふさ
英,ぶさ
英,よし
栄,え
栄,さかえ
栄,しげ
栄,たか
栄,はる
栄,ひで
栄,よし
億,かず
億,はかる
億,やす
億,やすし
加,ます
加,また
果,あきら
果,はた
果,まさる
芽,めい
覚,あき
覚,あきら
覚,さだ
覚,さとる
覚,よし
完,たもつ
完,ひろ
完,ひろし
完,ゆたか
観,あき
観,あきら
喜,このむ
喜,たのし
喜,とし
喜,のぶ
喜,はる
喜,ひさ
喜,ゆき
喜,よし
季,とき
季,とし
季,ひで
季,みのる
旗,たか
紀,あき
紀,かず
紀,つぐ
紀,とし
紀,はじめ
紀,もと
紀,よし
希,のぞみ
希,のぞむ
議,かた
議,さだむ
議,のり
求,き
求,く
求,ひで
求,まさ
求,め
求,もと
求,もとむ
挙,しげ
挙,すすむ
挙,たか
挙,たつ
挙,ひら
挙,みな
協,かのう
協,やす
鏡,あき
鏡,あきら
鏡,かね
鏡,とし
鏡,み
競,きそう
競,つよし
共,たか
極,なか
極,のり
極,みち
訓,くに
訓,さとし
訓,さとす
訓,さとる
訓,しる
訓,とき
訓,のり
訓,みち
径,わたる
景,あきら
景,かげ
景,ひろ
芸,き
芸,ぎ
芸,のり
芸,まさ
芸,よし
結,かた
結,ひとし
結,むすぶ
結,ゆい
結,ゆう
建,たけ
建,たけし
建,たける
建,たつ
建,たつる
建,たて
健,かつ
健,たけし
健,つよ
健,つよし
健,とし
健,やす
功,あう
功,あつ
功,いさ
功,いさおし
功,かた
功,かつ
功,こと
功,たか
功,つとむ
功,つとめ
功,なり
功,なる
功,のり
好,このみ
好,すみ
好,たか
好,み
好,よし
航,かず
航,つら
航,わたる
康,しず
康,しずか
康,みち
康,やすし
康,よし
刷,きよ
参,み
産,ただ
産,むすび
史,さかん
史,じ
史,ちか
史,ちかし
史,ひと
史,ふの
史,ふひと
史,み
試,もち
士,あき
士,あきら
士,お
士,おさむ
士,こと
士,さち
士,ただ
士,つかさ
士,と
士,のり
士,ひと
士,まもる
司,おさむ
司,かず
司,じ
司,つとむ
司,もと
司,もり
治,おさむ
治,さだ
治,ず
治,ただす
治,つぐ
治,とお
治,のぶ
治,はる
治,よし
児,のり
児,はじめ
児,る
周,いたる
周,かた
周,かね
周,ただ
周,ちか
周,なり
周,のり
周,ひろし
周,まこと
周,めぐる
祝,い
祝,とき
祝,のり
祝,はじめ
祝,ほう
祝,ほぎ
祝,よし
順,あや
順,あり
順,おさむ
順,かず
順,しげ
順,とし
順,なお
順,のぶ
順,のり
順,はじめ
順,まさ
順,みち
順,むね
順,もと
順,やさし
順,やす
順,ゆき
順,よし
順,より
初,はじめ
初,もと
笑,え
笑,えみ
笑,ふさ
松,ときわ
賞,あき
賞,あきら
賞,すすむ
賞,たか
賞,たかし
賞,ほむ
賞,よし
照,あき
照,あきら
照,あり
照,てり
照,てる
照,とし
照,のぶ
照,みつ
省,あきら
省,かみ
省,み
省,よし
信,あき
信,こと
信,さだ
信,し
信,しの
信,ただ
信,ちか
信,とき
信,のぶ
信,みち
臣,お
臣,おん
臣,きみ
臣,きん
臣,しげ
臣,たか
臣,とみ
臣,み
清,きよ
清,きよし
清,すが
清,すみ
清,すむ
静,きよ
静,きよし
静,しずか
静,ちか
静,やす
静,やすし
静,よし
成,あき
成,あきら
成,しげ
成,しげる
成,なり
成,ひで
成,よし
積,あつ
積,かず
積,かつ
積,さ
積,さね
積,つね
積,つみ
積,もち
積,もり
節,たか
節,たかし
節,のり
節,よし
卒,たか
達,いたる
達,さと
達,さとし
達,さとる
達,すすむ
達,ただ
達,たて
達,とお
達,とおる
達,のぶ
達,ひろ
達,みち
達,よし
単,いち
単,ただ
仲,あたる
仲,つづき
仲,なかし
仲,のぶ
停,とどむ
典,おき
典,すけ
典,つね
典,みち
典,よし
典,より
努,つとむ
堂,たか
然,しか
然,ぜ
然,なり
然,ね
然,のり
梅,め
博,とおる
博,はか
博,ひろし
博,ひろむ
飛,たか
付,とも
夫,あき
夫,お
夫,すけ
副,すえ
副,すけ
副,つぎ
副,ます
兵,たけ
兵,ひと
兵,むね
別,のぶ
別,わき
法,かず
法,つね
法,はかる
包,かた
包,かつ
包,かぬ
包,かね
包,しげ
望,のぞみ
望,のぞむ
望,み
満,あり
満,ま
満,ます
満,まろ
満,みち
満,みつ
満,みつる
未,いま
未,いや
未,ひで
民,た
民,ひと
民,み
民,もと
勇,いさ
勇,いさお
勇,いさまし
勇,いさむ
勇,お
勇,さ
勇,そよ
勇,たけ
勇,たけし
勇,とし
勇,はや
勇,よ
要,しの
要,とし
要,め
要,もとむ
要,やす
養,おさ
養,かい
養,きよ
養,のぶ
養,まもる
養,やず
養,よし
利,かが
利,かず
利,さと
利,と
利,とおる
利,とし
利,のり
利,まさ
利,みち
利,みのる
利,よし
利,より
陸,あつ
陸,あつし
陸,たか
陸,たかし
陸,みち
陸,む
陸,むつ
良,あきら
良,お
良,かず
良,かた
良,さね
良,すけ
良,たか
良,つか
良,つかさ
良,つぎ
良,なおし
良,なか
良,なが
良,ながし
良,はる
良,ひこ
良,ひさ
良,ふみ
良,まこと
良,み
類,とも
類,なお
類,なし
類,より
令,なり
令,のり
令,はる
令,よし
令,れ
冷,すずし
連,つぎ
連,まさ
連,やす
連,れ
録,とし
録,ふみ
永,え
永,つね
永,な
永,なが
永,のぶ
永,のり
永,はるか
永,ひさ
永,ひさし
衛,え
衛,ひろ
衛,ひろし
衛,まさ
衛,まさる
衛,まもる
衛,もり
衛,よし
益,あり
益,すすむ
益,のり
益,まし
益,みつる
益,やす
益,よし
桜,お
桜,さ
応,お
恩,おき
恩,めぐみ
可,あり
可,とき
可,よし
可,より
賀,しげ
賀,のり
賀,ます
賀,よし
賀,より
快,はや
快,やす
快,よし
格,ただし
格,のり
格,まさ
幹,き
幹,たかし
幹,とも
幹,まさ
幹,み
幹,もと
幹,もとき
幹,よし
規,いさむ
規,さだむ
規,さだめ
規,ただ
規,ただし
規,ちか
規,なり
規,はかる
規,み
規,もと
規,よし
基,のり
基,はじむ
基,はじめ
義,あき
義,いさ
義,しげ
義,ただし
義,ちか
義,つとむ
義,とも
義,のり
義,みち
義,よし
義,より
久,ぐ
久,なが
久,ひこ
久,ひさ
久,ひさし
許,すすむ
許,ゆく
均,お
均,ただ
均,なお
均,なり
均,ひとし
均,ひら
均,まさ
群,とも
群,もと
経,おさむ
経,つね
経,のぶ
経,のり
潔,きよ
潔,きよし
潔,ゆき
潔,よし
現,あき
現,あきら
現,あり
現,み
護,さね
護,まもる
護,もり
鉱,かね
鉱,ひろ
鉱,ひろし
耕,おさむ
耕,つとむ
耕,やす
厚,あつ
厚,あつし
厚,ひろ
厚,ひろし
興,おき
興,き
興,とも
興,ふさ
在,あき
在,あきら
在,あり
在,ある
在,すみ
在,たみ
在,とお
在,みつる
雑,かず
雑,とも
賛,あきら
賛,すけ
賛,すすむ
賛,たすく
賛,よし
資,かね
資,すけ
資,たか
資,たかし
資,たすく
資,たすけ
資,ただ
資,ただし
資,つぎ
資,つぐ
資,とし
資,はかる
資,やす
資,よし
資,より
志,さね
志,むね
志,もと
志,ゆき
枝,え
枝,き
枝,しげ
枝,しな
示,しめ
示,とき
示,み
識,さと
識,さとし
識,さとる
識,つね
識,のり
修,あつむ
修,おさ
修,おさむ
修,とも
修,なお
修,のぶ
修,のり
修,まさ
修,みち
修,やす
修,よし
述,あきら
述,とも
述,のぶ
述,のぶる
述,のり
準,たいら
準,とし
準,ならう
準,のり
準,ひとし
承,じょう
承,すけ
常,とき
常,ときわ
常,のぶ
常,ひさ
織,おり
織,り
政,おさ
政,きよ
政,ただ
政,のぶ
政,まさ
勢,せ
勢,なり
税,おさむ
税,ちから
績,なり
績,のり
素,しろし
素,すなお
素,はじめ
総,おさ
総,さ
総,そ
総,のぶ
総,みち
造,いたる
造,なり
造,はじめ
則,つね
則,とき
則,みつ
測,ひろ
測,ひろし
退,のく
張,つよ
張,とも
張,はる
程,しな
程,たけ
程,みな
統,おさ
統,おさむ
統,かね
統,すみ
統,すめる
統,つづき
統,つな
統,つね
統,のり
統,むね
統,もと
銅,かね
導,みち
徳,あつ
徳,あつし
徳,さと
徳,ただし
徳,なり
徳,なる
徳,のり
徳,めぐ
徳,よし
任,あたる
任,たか
任,たかし
任,ただ
任,たもつ
任,と
任,のり
任,ひで
任,まかし
能,たか
能,ちから
能,とう
能,の
能,のり
能,ひさ
能,よし
肥,うま
肥,くま
肥,とし
肥,とみ
肥,とも
肥,ふとる
肥,みつ
肥,ゆたか
比,い
比,これ
比,たすく
比,とも
比,なみ
比,ひさ
富,さかえ
富,とよ
富,ふく
富,みつる
富,ゆたか
富,よし
布,う
布,しき
布,しく
布,たえ
布,のぶ
布,よし
武,いさ
武,いさむ
武,たけ
武,たけし
武,たける
武,たつ
武,ふか
編,あみ
編,よし
保,お
保,たもつ
保,まもる
保,もち
保,もり
保,やすし
保,より
豊,あつ
豊,て
豊,と
豊,のぼる
豊,ひろ
豊,ひろし
豊,ぶん
豊,ほ
豊,みのる
豊,もり
豊,よし
夢,ゆ
務,かね
務,ちか
務,つとむ
務,つよ
務,なか
務,みち
容,かた
容,ひろ
容,まさ
容,もり
容,やす
容,よ
率,のり
率,より
留,たね
留,と
留,とめ
留,ひさ
領,おさ
領,さとる
領,むね
宇,うま
宇,そら
宇,たか
宇,ね
映,あき
映,あきら
映,え
映,てる
映,みつ
延,すすむ
延,なが
延,のぶ
延,のぶる
閣,はる
拡,ひろし
拡,ひろむ
貴,あつ
貴,たか
貴,たかし
貴,たけ
貴,むち
貴,もとむ
貴,よし
郷,あき
郷,あきら
郷,のり
郷,むら
勤,いそ
勤,いそし
勤,すすむ
勤,つとむ
勤,とし
勤,のり
勤,ゆき
敬,あき
敬,たか
敬,たかし
敬,とし
敬,のり
敬,ひろ
敬,よし
警,さとし
警,ただし
絹,まさ
憲,あき
憲,あきら
憲,かず
憲,さだ
憲,ただし
憲,とし
厳,いず
厳,いつ
厳,いつき
厳,たか
厳,つよ
源,はじめ
源,もと
源,よし
己,お
己,な
己,み
孝,あつ
孝,たか
孝,たかし
孝,なり
孝,のり
孝,みち
孝,ゆき
孝,よし
皇,すべ
皇,すめら
紅,あか
紅,いろ
紅,くれ
鋼,かた
鋼,たけ
鋼,たけし
策,かず
策,つか
策,はかる
策,もり
誌,ふみ
視,のり
視,み
視,みる
視,よし
詞,こと
詞,つぐ
詞,なり
詞,のり
詞,ふみ
至,ちか
至,のり
至,みち
至,むね
至,ゆき
至,よし
若,なお
若,まさ
若,よし
若,より
樹,いつき
樹,しげ
樹,たつ
樹,たつき
樹,な
樹,みき
樹,むら
宗,かず
宗,たかし
宗,とき
宗,とし
宗,のり
宗,ひろ
宗,もと
収,おさむ
収,かず
収,さね
収,すすむ
収,なお
収,なか
収,のぶ
収,もと
収,もり
収,もろ
衆,あつむ
衆,とも
衆,ひろ
衆,もり
衆,もろ
純,あつ
純,あつし
純,あや
純,いと
純,きよし
純,すなお
純,すみ
純,まこと
純,よし
諸,つら
諸,もり
除,きよ
除,さる
除,のき
将,すけ
将,すすむ
将,ただし
将,もち
将,ゆき
城,くに
城,なり
城,むら
蒸,すすむ
蒸,つぐ
蒸,つまき
仁,きみ
仁,さと
仁,と
仁,のぶ
仁,ひさし
仁,ひと
仁,ひとし
仁,ひろし
仁,まさ
仁,み
仁,めぐみ
仁,やすし
仁,よし
誠,あき
誠,あきら
誠,さと
誠,さとし
誠,さね
誠,しげ
誠,すみ
誠,たか
誠,たかし
誠,ただし
誠,とも
誠,なり
誠,なる
誠,のぶ
誠,のり
誠,まさ
誠,み
誠,もと
誠,よし
聖,あき
聖,あきら
聖,きよ
聖,きよし
聖,さと
聖,さとし
聖,さとる
聖,しょう
聖,せ
聖,たかし
聖,たから
聖,とし
聖,まさ
盛,さかり
盛,しげ
盛,しげる
盛,たけ
盛,もり
宣,のぶ
宣,のり
宣,ひさ
宣,ふさ
宣,むら
宣,よし
宣,より
泉,い
泉,きよし
泉,ずみ
泉,み
泉,みず
泉,もと
善,さ
善,ただし
善,たる
善,まさ
善,まさる
善,よし
奏,かなで
操,あや
操,さお
操,みさ
操,もち
創,そ
創,はじむ
創,はじめ
蔵,おさむ
蔵,ただ
蔵,とし
蔵,まさ
蔵,よし
尊,そ
尊,たか
尊,たかし
尊,たけ
尊,たける
誕,のぶ
誕,ひろ
誕,ひろし
暖,あつ
暖,はる
暖,やす
値,あき
値,あきら
宙,おき
宙,ひろ
宙,ひろし
宙,みち
忠,あつ
忠,あつし
忠,きよし
忠,すなお
忠,ただ
忠,ただし
忠,なり
忠,のり
著,あき
著,あきら
著,つぎ
著,つぐ
頂,かみ
展,のぶ
背,しろ
背,のり
班,つら
班,なか
班,ひとし
並,み
並,みつ
補,さだ
補,すけ
補,たすく
宝,かね
宝,たか
宝,たけ
宝,とみ
宝,とも
宝,ほ
宝,みち
宝,よし
優,かつ
優,すぐる
優,ひろ
優,まさる
優,ゆ
優,ゆたか
翌,あきら
律,おと
律,ただし
律,ただす
律,たて
論,さだむ
論,さとし
論,さとる
論,とき
論,のり
論,ゆう
依,より
威,あきら
威,たか
威,たけ
威,たけし
威,たける
威,つよし
威,なり
偉,いさむ
偉,えら
偉,おおい
偉,たけ
偉,より
為,なり
為,なる
緯,つかね
維,すみ
維,ただ
維,たもつ
壱,かず
壱,さね
壱,もろ
鋭,さとき
鋭,さとし
鋭,すすむ
鋭,とき
鋭,とし
鋭,はや
鋭,はやし
越,お
越,こえ
越,こゆる
越,わたる
憶,しめ
憶,ぞう
箇,かず
箇,とも
雅,ただ
雅,のり
雅,まさ
雅,まさし
雅,まさる
雅,もと
介,あき
介,かたし
介,たすく
介,ゆき
介,よし
皆,とも
皆,み
皆,みち
甘,あま
甘,かい
甘,よし
歓,か
歓,む
歓,よし
勧,すすむ
勧,ゆき
乾,きみ
乾,すすむ
鑑,あき
鑑,あきら
鑑,かね
鑑,のり
鑑,み
環,たま
環,めぐる
祈,いのり
輝,あきら
輝,てる
輝,ひかり
輝,ひかる
輝,みつ
輝,みつる
幾,おき
幾,ちか
幾,ちかし
幾,のり
幾,ふさ
儀,きたる
儀,ただし
丘,お
丘,たか
丘,たかし
巨,お
巨,おお
巨,なお
巨,まさ
巨,み
響,おと
響,なり
響,ひびき
駆,かけ
駆,かける
恵,あや
恵,さと
恵,さとし
恵,めぐみ
恵,めぐむ
恵,やす
恵,よし
堅,かたし
堅,たか
堅,つよし
堅,み
堅,よし
兼,かず
兼,かた
兼,かね
兼,とも
剣,あきら
剣,つとむ
剣,はや
玄,しず
玄,しずか
玄,つね
玄,とお
玄,のり
玄,はじめ
玄,はる
玄,はるか
玄,ひかる
玄,ひろ
玄,ふか
玄,ふかし
継,つぎ
継,つぐ
継,つね
継,ひで
更,つぐ
更,とお
更,とく
更,のぶ
攻,おさむ
香,かおり
香,かおる
香,かが
香,たか
香,よし
恒,ちか
恒,のぶ
恒,ひさ
恒,ひさし
恒,ひとし
恒,わたる
豪,おさ
豪,かた
豪,かつ
豪,すぐる
豪,たか
豪,たかし
豪,たけ
豪,たけき
豪,たけし
豪,たける
豪,つよ
豪,つよし
豪,とし
豪,ひで
彩,あ
彩,いろ
彩,さ
彩,たみ
載,こと
載,のり
載,はじめ
咲,えみ
咲,さ
咲,さき
紫,むら
朱,あや
朱,じゅ
趣,とし
需,まち
需,みつ
需,もと
需,もとむ
需,もとめ
秀,さかえ
秀,しげる
秀,すえ
秀,ひいず
秀,ひで
秀,ひでし
秀,ほ
秀,ほず
秀,ほら
秀,みつ
秀,みのる
秀,よし
舟,のり
柔,じゅ
柔,やわら
柔,よし
巡,めぐる
旬,ただ
旬,とき
旬,ひとし
旬,ひら
旬,まさ
紹,あき
紹,つぎ
紹,つぐ
詳,あき
詳,あきら
詳,くわし
詳,つま
詳,みつ
詳,よし
称,あぐ
称,かみ
称,な
称,のり
称,みつ
称,よし
丈,たけし
丈,とも
丈,ひろ
丈,ます
震,おと
震,なり
震,なる
震,のぶ
慎,ちか
慎,のり
慎,まこと
慎,みつ
慎,よし
薪,し
薪,たき
尋,ちか
尋,のり
尋,ひろし
尋,みつ
吹,かぜ
吹,ふき
吹,ふく
是,すなお
是,ただし
是,つな
是,ゆき
是,よし
征,さち
征,そ
征,ただし
征,ただす
征,まさ
征,もと
征,ゆき
井,きよ
鮮,あき
鮮,あきら
鮮,あらた
鮮,き
鮮,まれ
鮮,よし
贈,たま
贈,ます
耐,しのぶ
耐,たゆる
耐,つよし
耐,とう
耐,とおる
拓,ひろ
拓,ひろし
丹,あきら
丹,まこと
致,いたる
致,おき
致,とも
致,のり
致,むね
致,ゆき
致,よし
蓄,おき
跳,はね
澄,きよ
澄,きよし
澄,すみ
澄,とおる
摘,つみ
摘,つむ
摘,づみ
摘,づむ
途,とう
途,とお
渡,ただ
渡,ひろし
透,すき
透,すみ
透,とおる
透,ゆき
塔,と
到,いたる
到,ゆき
到,よし
弐,すけ
濃,あつ
濃,あつし
迫,とお
繁,えだ
繁,しげる
繁,とし
範,すすむ
被,かず
被,けさ
被,まつ
敏,あきら
敏,さとし
敏,とし
敏,はや
敏,はる
敏,ゆき
敏,よし
普,ひろ
普,ひろし
普,ゆき
舗,しげ
舗,すけ
舗,のぶ
舗,はる
峰,お
峰,たか
峰,たかし
峰,ね
妙,ただ
妙,たゆ
妙,とう
茂,あり
茂,いかし
茂,しく
茂,しげ
茂,しげみ
茂,しげる
茂,たか
茂,とお
茂,とも
茂,とよ
茂,もち
茂,もと
茂,ゆた
猛,たか
猛,たけ
猛,たけお
猛,たけき
猛,たけし
猛,たける
猛,つよし
紋,あき
躍,おどる
躍,すすむ
雄,かず
雄,かつ
雄,たか
雄,たけ
雄,たけし
雄,のり
雄,よし
与,くみ
与,ため
与,とも
与,のぶ
与,よし
誉,しげ
誉,たか
誉,のり
誉,ほまれ
誉,もと
誉,やす
誉,よし
翼,しげ
翼,しげし
翼,しげる
翼,すけ
翼,すすむ
翼,たすく
翼,よし
雷,あずま
頼,のり
頼,よし
頼,より
離,あき
離,あきら
離,つら
隣,さと
隣,ただ
隣,ちか
隣,ちかし
隣,なが
麗,あき
麗,あきら
麗,うらら
麗,かず
麗,つぐ
麗,つら
麗,よし
麗,より
麗,れ
齢,なか
齢,よ
烈,あき
烈,あきら
烈,あつし
烈,いさお
烈,たけ
烈,たけし
烈,つよ
烈,つら
烈,やす
烈,よし
露,あきら
郎,あき
郎,あきら
郎,お
朗,あきら
朗,お
朗,さえ
朗,とき
朗,ほがら
詠,え
詠,かね
悦,のぶ
悦,よし
欧,お
乙,お
乙,き
乙,くに
乙,たか
乙,つぎ
乙,つぐ
穏,しず
穏,とし
穏,やす
穏,やすき
架,かける
佳,よし
華,てる
華,は
華,はる
華,みやこ
該,かぬ
該,かね
郭,ひろ
郭,ひろし
岳,おか
岳,たか
岳,たかし
岳,たけし
貫,か
貫,つら
貫,つらね
貫,とおる
貫,ぬく
貫,ひろ
貫,みち
貫,みつ
貫,やす
貫,よし
敢,いさみ
敢,いさむ
敢,つよし
軌,のり
岐,みち
騎,のり
菊,あき
菊,ひ
吉,き
吉,さち
吉,とみ
吉,はじめ
吉,よ
吉,よし
啓,あき
啓,さとし
啓,のり
啓,はる
啓,ひ
啓,ひろ
啓,ゆき
啓,よし
憩,やす
賢,かた
賢,さか
賢,さかし
賢,さと
賢,さとし
賢,さとる
賢,すぐる
賢,たか
賢,ただ
賢,ただし
賢,とし
賢,のり
賢,まさ
賢,ます
賢,やす
賢,よし
悟,さとし
悟,さとる
悟,のり
甲,か
甲,かつ
甲,き
甲,まさる
孔,みち
孔,よし
綱,つね
巧,く
巧,たえ
巧,よし
克,いそし
克,かつ
克,かつみ
克,すぐる
克,たえ
克,なり
克,まさる
克,よし
侍,ひと
慈,しげ
慈,しげる
慈,ちか
慈,なり
慈,やす
慈,よし
寿,かず
寿,ず
寿,のぶ
寿,ひさ
寿,ひさし
寿,よし
潤,うる
潤,うるう
潤,うるお
潤,さかえ
潤,ひろ
潤,ひろし
潤,まさる
潤,ます
潤,みつ
遵,たか
遵,たかし
遵,たける
遵,ちか
遵,のぶ
遵,まもる
遵,ゆき
遵,より
如,いく
如,なお
如,もと
如,ゆき
如,よし
晶,あきら
晶,てる
晶,まさ
鐘,あつ
鐘,あつむ
衝,つぎ
衝,みち
昇,かみ
昇,すすむ
昇,のぼる
昇,のり
昇,まさ
匠,たく
匠,なる
譲,のり
譲,まさ
譲,ゆずる
譲,よし
審,あき
審,あきら
伸,ただ
伸,のぶ
伸,のぶる
伸,のぼる
粋,きよ
粋,ただ
穂,お
穂,ひで
穂,ひな
穂,みのる
請,うけ
請,もとむ
隻,うく
隻,たか
潜,すみ
潜,ひそみ
潜,ひそむ
繕,おさむ
繕,つよし
繕,よし
礎,き
双,とも
双,ふ
滝,たけし
滝,よし
滝,ろう
卓,すぐる
卓,たか
卓,たかし
卓,つな
卓,とお
卓,まこと
卓,まさる
卓,もち
鍛,かじ
鍛,きたう
鍛,きたえ
稚,のり
鋳,い
超,おき
超,たつ
超,とおる
超,まさ
超,まさる
超,ゆき
鎮,おさむ
鎮,しげ
鎮,しげる
鎮,しず
鎮,しずか
鎮,しずむ
鎮,しずめ
鎮,たね
鎮,つね
鎮,まこと
鎮,まさ
鎮,まもる
鎮,やす
鎮,やすし
哲,あきら
哲,さとし
哲,さとる
哲,のり
哲,よし
斗,け
斗,はかる
斗,はるか
斗,ほし
陶,す
陶,よし
匿,のく
篤,あつ
篤,あつし
篤,あつみ
篤,あつむ
篤,しげ
篤,すみ
篤,たか
篤,たかし
篤,ひろ
苗,え
苗,たね
苗,なり
苗,みつ
赴,はや
赴,ゆき
伏,ふし
伏,やす
伏,やすし
伏,より
芳,か
芳,かおり
芳,かおる
芳,はな
芳,ふさ
芳,ほ
芳,みち
芳,よし
縫,ぬい
縫,ほ
倣,より
邦,さかえ
謀,こと
謀,のぶ
房,お
房,のぶ
又,すけ
又,たすく
又,やす
揚,あき
揚,たか
揚,のぶ
揚,よ
揺,たま
吏,おさ
吏,さと
隆,お
隆,おき
隆,しげ
隆,たかし
隆,とき
隆,なが
隆,もり
隆,ゆたか
了,あき
了,あきら
了,おさむ
了,さと
了,さとし
了,さとる
了,すみ
了,のり
零,しずく
励,すすむ
励,つとむ
錬,れ
廉,きよ
廉,きよし
廉,すが
廉,ただし
廉,ゆき
廉,よし
楼,ろ
亜,つぎ
亜,つぐ
逸,すぐる
逸,とし
逸,はつ
逸,はや
逸,はやし
逸,まさ
逸,まさる
逸,やす
逸,やすし
韻,おと
謁,つく
謁,ゆく
翁,おい
翁,おき
翁,とし
翁,ひと
稼,たか
稼,たね
且,かつ
閑,しず
閑,のり
閑,まもる
閑,もり
閑,やす
閑,より
寛,とも
寛,のぶ
寛,のり
寛,ひろし
寛,ゆたか
宜,き
宜,すみ
宜,たか
宜,なり
宜,のぶ
宜,のり
宜,まさ
宜,よし
享,あき
享,あきら
享,すけ
享,すすむ
享,たか
享,とおる
享,みち
享,ゆき
享,りょう
恭,すけ
恭,たか
恭,たかし
恭,ただ
恭,ちか
恭,みつ
恭,やす
恭,やすし
恭,ゆき
恭,よし
暁,あき
暁,あきら
暁,あけ
暁,さとし
暁,さとる
暁,とき
暁,とし
吟,あき
吟,あきら
吟,うた
吟,おと
吟,こえ
薫,かお
薫,しげ
薫,ただ
薫,だい
薫,つとむ
薫,にお
薫,のぶ
薫,ひで
薫,ふさ
薫,まさ
薫,ゆき
勲,いさ
勲,こと
勲,つとむ
勲,のり
勲,ひろ
蛍,ほた
慶,ちか
慶,のり
慶,みち
慶,やす
慶,よし
傑,すぐる
傑,たかし
傑,たけ
傑,たけし
傑,まさ
謙,あき
謙,かた
謙,かね
謙,しず
謙,のり
謙,ゆずる
謙,よし
献,すすむ
献,たけ
献,ただす
献,のぶ
顕,あきら
顕,たか
顕,てる
懸,かける
弦,いと
弦,お
弦,ふさ
弦,ゆづる
呉,くに
肯,さき
肯,むね
江,きみ
江,ただ
江,のぶ
貢,すすむ
貢,つぐ
貢,みつぐ
衡,たいら
衡,ちか
衡,ひで
衡,ひとし
衡,ひら
衡,ひろ
衡,まもる
侯,きぬ
侯,とき
侯,よし
剛,たか
剛,たかし
剛,たけ
剛,たけし
剛,つよし
剛,ひさ
剛,まさ
剛,よし
酷,あつ
佐,たすく
佐,よし
斎,いつ
斎,いつき
斎,いつく
斎,いわい
斎,きよ
斎,きよし
斎,ただ
斎,ひとし
斎,よし
賜,たま
賜,ます
賜,めぐむ
嗣,あき
嗣,さね
嗣,つぎ
嗣,つぐ
嗣,ひで
滋,あさ
滋,しげる
滋,ふさ
滋,ます
珠,じゅ
珠,す
珠,ず
珠,み
酬,あつ
銃,かね
充,あつ
充,たかし
充,まこと
充,み
充,みち
充,みつ
充,みつる
粛,しゅ
淑,きみ
淑,きよ
淑,きよし
淑,すえ
淑,すみ
淑,とし
淑,ひで
淑,ふかし
淑,よし
叔,すえ
叔,はじめ
叔,よし
俊,すぐる
俊,たかし
俊,とし
俊,まさる
俊,よし
准,のり
緒,つぐ
渉,さだ
渉,たか
渉,ただ
渉,わたり
渉,わたる
祥,あきら
祥,さか
祥,さき
祥,さむ
祥,ただ
祥,なが
祥,やす
祥,よし
尚,たか
尚,たかし
尚,ひさ
尚,ひさし
尚,まさ
尚,よし
尚,より
肖,あえ
肖,あゆ
肖,あれ
肖,すえ
肖,たか
肖,のり
肖,ゆき
奨,すけ
奨,すすむ
奨,たすく
奨,つとむ
彰,あき
彰,あきら
彰,あや
彰,てる
津,す
津,ず
津,づ
紳,おび
迅,とき
迅,とし
甚,おもし
甚,しげ
甚,たね
甚,とう
甚,ふか
甚,やす
崇,かた
崇,し
崇,たかし
崇,たけ
斉,あき
斉,あきら
斉,きよ
斉,きよし
斉,ただ
斉,ただし
斉,とき
斉,とし
斉,なお
斉,なり
斉,のぼる
斉,ひとし
斉,ひろ
斉,ひろし
斉,まさ
斉,むね
斉,よし
誓,ちか
逝,ゆき
仙,たかし
仙,のり
仙,ひさ
仙,ひと
禅,さと
禅,さとる
禅,しず
禅,しずか
禅,よし
壮,あき
壮,お
壮,たけ
壮,たけし
壮,たける
壮,まさ
壮,もり
荘,これ
荘,たか
荘,たかし
荘,ただし
荘,まさ
泰,あきら
泰,とおる
泰,ひろ
泰,ひろし
泰,やす
泰,やすし
泰,ゆたか
泰,よし
挑,いどむ
貞,さだ
貞,さだむ
貞,ただ
貞,ただし
貞,ただす
貞,つら
貞,まさ
貞,みさお
徹,あきら
徹,いたる
徹,おさむ
徹,とおる
徹,みち
徹,ゆき
筒,まる
忍,おし
忍,しのぶ
忍,もと
寧,さだ
寧,しず
寧,ね
寧,やすし
妃,き
妃,ひめ
扶,すけ
扶,たもつ
扶,もと
丙,あき
丙,あきら
丙,え
紡,つむぎ
紡,つむぐ
摩,きよ
摩,なず
磨,おさむ
磨,きよ
麻,お
麻,ぬさ
銘,あき
銘,かた
銘,な
諭,あき
諭,いさむ
諭,さと
諭,さとし
諭,さとす
諭,さとる
諭,つぐ
唯,ゆ
悠,ちか
悠,ちかし
悠,はるか
悠,ひさ
悠,ひさし
悠,ゆ
裕,すけ
裕,たかし
裕,ひろ
裕,ひろし
裕,まさ
裕,みち
裕,やす
裕,やすし
裕,ゆ
裕,ゆたか
庸,のぶ
庸,のり
庸,やす
柳,やな
竜,かみ
竜,きみ
竜,しげみ
竜,しげる
竜,たか
竜,たかし
竜,とお
竜,とおる
竜,めぐむ
僚,あきら
涼,あつ
涼,すけ
倫,おさむ
倫,つぐ
倫,つね
倫,とし
倫,とも
倫,のり
倫,もと
塁,たか
曖,あ
椅,あづ
椅,あづさ
椅,よし
鬱,しげる
媛,ひ
媛,よし
艶,え
艶,よし
旺,あき
旺,あきら
旺,お
諧,かのう
諧,ゆき
葛,かず
葛,かつ
葛,かつら
葛,かど
葛,さち
葛,ずら
葛,つた
葛,つら
葛,ふじ
鎌,かね
亀,あや
亀,すすむ
亀,たか
亀,たかし
亀,たから
亀,ながし
亀,ひさ
亀,ひさし
畿,ちか
錦,かね
詣,ゆき
憬,け
憬,さと
憬,さとる
拳,かたし
拳,つとむ
虎,たけ
勾,にお
勾,まがり
梗,たけ
梗,な
梗,なお
沙,いさ
沙,す
采,あや
采,こと
刹,くに
蹴,ける
芯,し
須,もち
須,もとむ
醒,さむる
醒,さめ
醒,せ
箋,ふみ
曽,つね
曽,なり
曽,ます
爽,あきら
爽,さ
爽,さや
爽,さわ
旦,あき
旦,あきら
旦,あけ
旦,あさ
旦,ただし
鶴,ず
鶴,たず
鶴,つ
鶴,づ
鶴,づる
藤,かつら
藤,つ
藤,ひさ
瞳,あきら
瞳,め
那,とも
那,ふゆ
那,やす
奈,なに
梨,りん
匂,かおる
匂,にお
虹,こ
箸,あき
箸,あきら
箸,つく
汎,ひろ
汎,ひろし
汎,ひろむ
汎,みな
阜,あつ
阜,あつし
阜,たか
阜,たかし
阜,とおる
阜,ゆたか
蔽,さだむ
貌,かた
貌,すがた
貌,とお
頬,つら
頬,ほ
睦,あつし
睦,ちか
睦,ちかし
睦,とも
睦,のぶ
睦,まこと
睦,むつ
睦,むつみ
睦,よし
睦,りく
弥,ひさし
弥,ひろ
弥,みつ
弥,やす
弥,よし
弥,わたる
湧,ゆ
湧,わか
湧,わく
璃,あき
瞭,あきら
呂,おと
呂,とも
呂,なが
呂,ふえ
麓,ろ
阿,ひさ
渥,あつ
渥,あつし
渥,ひく
斡,まる
伊,いさ
伊,おわむ
伊,よし
倭,かず
惟,あり
惟,たもつ
惟,のぶ
惟,よし
郁,あや
郁,か
郁,かおり
郁,かおる
郁,たかし
郁,ゆう
允,い
允,すけ
允,ちか
允,のぶ
允,まさ
允,み
允,みつ
允,みつる
允,よし
寅,とも
寅,のぶ
胤,かず
胤,つぎ
胤,つづき
胤,み
佑,すけ
佑,たすく
佑,ゆ
胡,ひさ
迂,すすむ
迂,とお
迂,ゆき
苑,あや
苑,しげる
云,おき
云,これ
云,とも
云,ひと
慧,あきら
慧,さとし
慧,さとる
叡,え
叡,さとし
叡,とし
叡,まさ
瑛,あき
瑛,あきら
瑛,え
瑛,てる
薗,え
凰,お
邑,さと
邑,さとし
邑,すみ
鷹,まさ
嘉,ひろ
嘉,よし
嘉,よしみ
榎,え
樺,から
珂,たま
珂,てる
禾,とし
禾,のぶ
禾,ひいず
禾,ひで
駕,か
駕,のり
凱,かつ
凱,たのし
凱,とき
凱,やす
凱,よし
鎧,が
魁,いさお
魁,さき
魁,はじめ
恰,きょう
恰,こ
侃,あきら
侃,すなお
侃,ただ
侃,ただし
侃,つよし
侃,なお
侃,やす
莞,ふと
萱,ただ
萱,まさ
巌,お
巌,みち
巌,みね
雁,か
其,その
其,とき
其,もと
嬉,よし
徽,よし
毅,たか
毅,たけし
毅,つよし
毅,のり
磯,し
葵,あお
葵,まもる
祇,けさ
祇,つみ
祇,のり
祇,まさ
祇,もと
祇,やす
誼,こと
誼,みち
誼,よし
鞠,つぐ
鞠,みつ
桔,き
橘,き
玖,き
玖,く
玖,たま
玖,ひさ
鳩,あつむ
鳩,やす
亨,あき
亨,すすむ
亨,ちか
亨,とおる
亨,とし
亨,なお
亨,なが
亨,みち
亨,ゆき
匡,たすく
匡,ただ
匡,ただし
匡,ただす
匡,まさ
匡,まさし
卿,あき
卿,あきら
卿,のり
叶,か
叶,かない
叶,かなえ
叶,かのう
叶,とも
叶,やす
喬,すけ
喬,たかし
喬,ただ
喬,のぶ
喬,もと
蕎,そ
馨,かおり
馨,かおる
馨,きよ
馨,よし
尭,あき
尭,たか
尭,たかし
尭,のり
旭,あき
旭,あきら
旭,あさ
旭,てる
欣,やすし
欣,よし
欽,ただ
欽,まこと
欽,よし
芹,き
芹,まさ
芹,よし
駈,かけ
駈,かける
弘,ひろし
弘,ひろむ
弘,ゆき
馴,すなお
馴,よし
圭,か
圭,きよ
圭,きよし
圭,よし
桂,かつ
桂,よし
牽,くる
牽,とき
牽,とし
牽,ひき
硯,すず
絢,しゅん
絢,じゅん
絢,はる
彦,お
彦,さと
彦,ひろ
彦,やす
彦,よし
絃,お
絃,ふさ
伍,あつむ
伍,いつ
伍,とも
伍,ひとし
冴,さえ
吾,あ
吾,みち
梧,ひろ
亙,とおる
亙,わたり
亙,わたる
亘,のぶ
亘,わたり
亘,わたる
倖,さ
倖,さち
倖,ゆき
宏,あつ
宏,ひろし
幌,あき
幌,あきら
庚,か
庚,つぐ
庚,みちる
庚,やす
昂,あき
昂,あきら
昂,たか
昂,たかし
昂,のぼる
晃,あきら
晃,きら
晃,てる
晃,ひかる
晃,みつ
浩,いさむ
浩,おおい
浩,きよし
浩,はる
浩,ひろ
浩,ひろし
浩,ゆたか
皐,さ
皐,さつ
皐,すすむ
皐,たか
皐,たかし
紘,つな
紘,ひろ
紘,ひろし
鴻,とき
鴻,ひろ
鴻,ひろし
轟,こう
瑳,てる
紗,すず
紗,たえ
哉,えい
哉,き
哉,すけ
哉,ちか
哉,とし
哉,なり
哉,はじめ
犀,かた
榊,さ
榊,さか
朔,はじめ
朔,もと
燦,あきら
燦,きよ
燦,よし
珊,さぶ
珊,たま
讃,あき
讃,さ
之,いたる
之,くに
之,つな
之,のぶ
之,ひさ
之,ひで
之,ゆき
之,よし
之,より
偲,しのぶ
孜,あつ
孜,ただす
孜,つとむ
梓,あず
此,この
獅,たけ
蒔,まき
爾,あきら
爾,ちか
爾,ちかし
爾,み
爾,みつる
而,しか
而,なお
而,ゆき
馳,とし
馳,はや
馳,はやし
柘,つ
雀,す
雀,すず
雀,わか
竪,たつ
竪,なお
嵩,たか
嵩,たかし
嵩,たけ
柊,ひ
楢,ゆ
洲,くに
繍,ぬい
峻,たか
峻,たかし
峻,ちか
峻,とし
峻,みち
峻,みね
竣,たか
竣,たかし
舜,きよ
舜,きよし
舜,とし
舜,ひとし
舜,みつ
舜,よし
隼,たか
隼,たかし
隼,とし
隼,はや
隼,はやし
隼,はやと
駿,たかし
駿,とし
駿,はやお
駿,はやし
惇,あつし
惇,すなお
惇,つとむ
惇,とし
淳,あき
淳,あつ
淳,あつし
淳,きよ
淳,きよし
淳,ただし
淳,とし
淳,ぬ
淳,まこと
淳,よし
閏,うる
恕,ひろ
恕,ゆき
恕,よし
曙,あき
曙,あきら
曙,あけ
渚,お
渚,さ
渚,な
渚,なぎ
丞,すけ
丞,すすむ
丞,たすく
丞,つぐ
庄,まさ
捷,さとし
捷,すぐる
捷,とし
捷,まさる
昌,あき
昌,あきら
昌,あや
昌,まさ
昌,まさる
昌,よ
昌,よし
梢,すえ
梢,たか
篠,ささ
菖,あや
菖,あやめ
穣,おさむ
穣,しげ
穣,みのる
穣,ゆたか
晋,あき
晋,くに
晋,すすむ
晋,ゆき
榛,はる
槙,こずえ
賑,とみ
賑,とも
辰,のぶ
辰,のぶる
辰,よし
壬,つぐ
壬,み
壬,みず
壬,よし
稔,なり
稔,なる
稔,のりお
稔,ゆたか
逗,すみ
翠,あき
翠,あきら
瑞,ず
瑞,たま
靖,おさむ
靖,きよし
靖,しず
靖,のぶ
靖,やす
靖,やすし
汐,きよ
汐,せ
碩,おお
碩,ひろ
碩,みち
碩,みつる
碩,ゆたか
茜,あか
銑,さね
銑,てつ
閃,さき
閃,ひかる
閃,みつ
楚,たか
叢,しげ
叢,むら
宋,おき
宋,くに
惣,おさむ
惣,とし
惣,ふさ
槍,しょう
湊,そ
湊,み
綜,おさむ
綜,そ
聡,あき
聡,あきら
聡,さ
聡,さと
聡,さとし
聡,さとる
聡,ただし
聡,と
聡,とき
聡,とし
聡,とみ
蒼,あおい
蒼,しげる
蒼,ひろ
巽,たつ
巽,よし
乃,おさむ
托,ひろ
托,もり
琢,あや
琢,たか
捺,とし
坦,たいら
坦,ひと
坦,ひろ
檀,せん
檀,まゆ
湛,あつし
湛,きよ
湛,ふかし
湛,やす
湛,やすし
智,あきら
智,さとし
智,さとる
智,とし
智,とも
智,のり
智,もと
薙,なぎ
紬,つ
紬,つむぐ
暢,いたる
暢,とおる
暢,なが
暢,のぶ
暢,のぶる
暢,のぼる
暢,まさ
暢,みつ
暢,みつる
暢,よう
肇,けい
肇,こと
肇,とし
肇,なが
肇,はじめ
肇,はつ
脹,はる
禎,さだ
禎,さだむ
禎,さち
禎,ただ
禎,ただし
禎,つぐ
禎,とも
禎,よし
綴,つづり
綴,つづる
鼎,かな
鼎,かない
鼎,かね
嶋,と
桐,ひさ
祷,いのり
祷,いのる
董,しげ
董,ただし
董,なお
董,のぶ
董,まこと
董,まさ
董,よし
敦,あつし
敦,おさむ
敦,つとむ
敦,つる
敦,のぶ
凪,な
楠,な
巴,とも
播,はん
播,ひろ
播,まき
芭,はな
幡,のぼ
幡,は
磐,いわお
磐,わ
斐,あきら
斐,い
斐,なが
斐,よし
毘,すけ
毘,てる
毘,とも
毘,ひで
毘,まさ
毘,やす
梶,み
琵,ひ
彪,あきら
彪,こ
彪,たけ
彪,たけし
彪,つよし
彪,とら
豹,はだら
彬,あきら
彬,あや
彬,ひで
彬,もり
彬,よし
撫,やす
撫,よし
甫,すけ
甫,とし
甫,なみ
甫,のり
甫,はじめ
甫,まさ
甫,み
甫,もと
甫,よし
輔,たすく
輔,ゆう
蕪,しげ
蕪,しげる
楓,か
楓,ふ
鳳,たか
鳳,ほ
碧,きよ
碧,きよし
碧,たま
圃,その
峯,たか
峯,たかし
峯,ほ
萌,め
萌,めぐみ
萌,もえ
萠,ほ
萠,めぐみ
萠,もえ
蓬,しげ
蓬,ほ
逢,あい
逢,おう
逢,ほ
鋒,さき
鵬,とも
鵬,ゆき
卯,あきら
卯,しげ
卯,しげる
孟,たけ
孟,たけし
孟,つとむ
孟,はじめ
孟,はる
孟,もと
茅,あき
卜,うら
柾,ただ
椛,か
椛,なぎ
椛,はな
也,あり
也,これ
也,ただ
宥,すけ
宥,ひろ
宥,ゆ
祐,さち
祐,すけ
祐,たすく
祐,ち
祐,まさ
祐,ます
祐,むら
祐,ゆ
祐,よし
輿,お
輿,よ
楊,やす
楊,よ
耀,あき
耀,あきら
耀,てる
耀,よ
蓉,はす
蓉,よ
遥,すみ
遥,とお
遥,のぶ
遥,のり
遥,はる
遥,はるか
遥,みち
蘭,か
哩,まい
李,もも
劉,のぶ
劉,みずち
亮,あき
亮,あきら
亮,かつ
亮,きよし
亮,とおる
亮,まこと
亮,よし
嶺,ね
梁,たかし
梁,むね
椋,くら
稜,いず
稜,いつ
稜,たか
稜,たる
諒,あき
諒,あきら
諒,あさ
諒,さとし
諒,さとる
諒,すけ
諒,まさ
遼,とお
遼,はるか
琳,たま
伶,とし
伶,れ
怜,さとし
怜,とき
怜,れ
玲,あき
玲,あきら
玲,たま
玲,れ
憐,れ
漣,なみ
蓮,れ
蕗,ぶき
埜,とお
埜,なお
埜,ぬ
埜,ひろ
侑,あつむ
侑,すけ
侑,すすむ
侑,ゆ
侑,ゆき
俐,さと
俐,さとし
凜,り
凛,り
奎,ふみ
崚,たか
惺,あきら
惺,さとし
惺,さとる
惺,しずか
黎,たみ
黎,れ
昊,あき
昊,あきら
昊,ひろ
昊,ひろし
晟,あきら
晟,てる
晟,まさ
晏,さだ
晏,はる
昴,ほ
晨,あき
晨,とよ
暉,あきら
暉,てらす
暉,てる
栞,か
栞,けん
栞,しお
橙,と
橙,ゆず
櫂,こずえ
脩,おさ
脩,おさみ
脩,おさむ
脩,さね
脩,すけ
脩,なお
脩,なが
脩,ながし
脩,のぶ
脩,はる
脩,ひさ
脩,ひさし
脩,もろ
脩,よし
洸,たけし
洸,ひろ
洸,ひろし
洸,ふかし
洵,のぶ
洵,ひとし
颯,はや
颯,ふう
滉,あき
滉,あきら
滉,ひろし
漱,すすぐ
漱,そ
澪,れ
驍,いさ
驍,いさむ
驍,すぐる
驍,たかし
驍,たけ
驍,たけし
珀,たま
琥,く
琥,たま
瑶,よ
綸,お
綸,くみ
煌,あき
煌,あきら
煌,てる
煕,おき
煕,さと
煕,てる
煕,のり
煕,ひかる
煕,ひろ
煕,ひろし
煕,ひろむ
煕,よし
燎,あき
燎,あきら
燿,あき
燿,あきら
燿,てる
諄,あつ
諄,いたる
諄,しげ
諄,じん
諄,とも
諄,のぶ
頌,おと
頌,のぶ
頌,よし
眸,ひと
茉,ま
苺,いち
苺,まい
菫,すみ
蕾,ら
皓,あき
皓,あきら
皓,そら
皓,つく
皓,てる
皓,ひかる
皓,ひろ
皓,ひろし
迪,いたる
迪,すすむ
迪,ただ
迪,ただし
迪,ただす
迪,とく
迪,ひら
迪,ふみ
迪,ゆう
逞,とし
逞,ゆき
逞,ゆた
逞,よし
稟,り
赳,いさ
赳,いさむ
赳,たけ
赳,たけし
赳,つよし
翔,か
翔,かける
穹,く
穹,そら
來,くる
來,な
來,ら
龍,かみ
龍,きみ
龍,しげみ
龍,とお
龍,とおる
龍,めぐむ
櫻,お
乘,のり
榮,え
榮,さかえ
樂,ら
遙,すみ
遙,とお
遙,のぶ
遙,のり
遙,はるか
遙,みち
惠,めぐみ
萬,かず
萬,かつ
萬,すすむ
萬,たか
萬,ま
彌,ひろ
彌,みつ
彌,やす
禮,あきら
眞,さだ
眞,さな
眞,まさ
徠,き
徠,とめ
徠,ら
晄,あきら
晄,きら
晄,てる
晄,ひかり
晄,ひかる
晄,みつ
