漢字,異体字
一,弌
雨,㲾
雨,𠕒
雨,𠕘
雨,𠕲
雨,𩁼
花,芲
貝,贝
下,丅
見,见
五,㐅
校,𤲽
左,㔫
三,弎
四,亖
子,㜽
車,车
出,岀
出,㞮
正,㱏
上,丄
赤,烾
赤,灻
石,䂖
川,巛
村,邨
大,亣
男,侽
町,甼
天,兲
土,圡
土,𡈽
二,弍
日,囸
年,秊
年,䄭
本,楍
本,㮺
引,㧈
園,薗
夏,夓
歌,謌
回,囘
回,囬
間,閒
間,间
記,记
記,𧪄
魚,鱼
強,强
京,亰
計,计
原,厡
原,𨘡
語,语
工,㣉
光,灮
光,炗
光,炛
光,㫕
公,㒶
高,髙
細,细
作,㑅
算,筭
紙,帋
紙,纸
姉,姊
時,时
時,旹
秋,龝
秋,穐
秋,秌
春,萅
春,旾
書,书
場,塲
場,场
場,㘯
親,亲
親,媇
頭,头
西,卥
西,卤
西,㢴
星,曐
星,皨
星,㽮
船,舩
線,綫
線,线
線,缐
組,组
走,赱
走,㞫
地,坔
地,埊
地,墬
地,嶳
長,镸
長,兏
長,长
長,仧
鳥,鸟
電,电
刀,釖
東,东
同,仝
肉,宍
馬,马
買,买
風,飌
風,凬
風,凮
風,风
風,凨
聞,闻
聞,𥹢
鳴,鸣
明,朙
門,閅
門,门
野,埜
野,壄
野,㙒
野,𡌛
夜,亱
友,㕛
話,䛡
話,话
育,毓
員,员
員,貟
員,贠
央,㡕
開,开
界,畍
階,堦
階,阶
岸,㟁
岸,堓
去,厺
橋,槗
橋,𣘺
橋,桥
業,业
銀,银
宮,宫
化,㐶
化,𠏁
決,决
庫,库
始,乨
始,兘
詩,诗
事,亊
事,叓
事,㕝
昔,㫺
守,垨
守,㝊
集,雧
集,𠍱
集,雦
宿,㝛
植,㯰
申,𫐃
深,㴱
世,丗
世,卋
世,㔺
整,愸
族,㞺
第,㐧
題,题
談,谈
帳,帐
定,㝎
島,嶋
島,嶌
島,嶹
島,㠀
島,岛
等,䒭
湯,汤
動,动
農,辳
農,䢉
農,欁
農,农
波,溊
筆,笔
氷,冰
品,𠯮
負,负
部,郶
面,靣
問,问
陽,𬯆
陽,阳
陽,阦
陽,霷
流,㳅
流,沠
和,咊
和,龢
和,惒
愛,㤅
愛,爱
以,㠯
印,币
英,偀
億,亿
貨,货
課,课
旗,㫅
紀,纪
希,㠻
議,议
給,给
協,协
鏡,镜
競,竸
競,竞
訓,训
軍,军
型,坓
結,结
健,徤
功,㓛
功,糼
好,㝀
最,冣
最,㝡
散,㪚
史,㕜
試,试
司,㟃
治,乿
借,徣
順,顺
順,㥧
初,䥚
唱,誯
笑,㗛
松,枩
松,枀
松,柗
松,梥
松,㮤
松,庺
賞,赏
象,𮙞
照,㷖
照,燳
省,䁞
信,訫
信,孞
信,㐰
清,淸
積,积
折,㪿
説,說
説,说
倉,仺
倉,仓
側,侧
卒,卆
卒,䘚
孫,孙
貯,贮
腸,膓
腸,肠
低,仾
底,㡳
的,旳
徒,𨑒
堂,坣
堂,㙶
得,㝶
毒,𡴛
熱,热
敗,贁
敗,败
飛,飞
費,费
標,标
別,别
法,佱
法,灋
法,㳒
脈,脉
脈,衇
勇,勈
勇,㦷
陸,陆
漁,渔
料,䉼
輪,轮
移,䄬
因,囙
往,徃
恩,㤙
賀,贺
解,觧
額,頟
額,额
慣,惯
規,规
規,䂓
規,槼
規,椝
義,义
久,镹
久,乆
許,许
居,㝒
群,羣
群,䭽
潔,㓗
現,现
減,减
耕,畊
厚,㫗
厚,垕
興,㒷
査,查
災,灾
災,烖
際,际
在,扗
罪,辠
財,戝
財,财
財,㒲
資,资
師,师
似,佀
識,识
質,貭
質,儨
質,质
謝,谢
修,俢
準,凖
序,㘧
序,䦽
承,𣴎
常,㦂
職,聀
職,軄
職,职
織,𦀗
織,织
制,𠝁
勢,㔟
勢,势
責,责
績,绩
設,设
接,擑
絶,絕
絶,绝
素,㕖
則,则
則,𠟭
則,𠟻
測,测
損,损
貸,贷
態,㑷
態,态
張,张
統,綂
統,统
銅,铜
比,夶
備,僃
備,偹
備,俻
貧,贫
富,冨
保,㙅
報,报
暴,㬥
暴,㫧
務,务
綿,緜
綿,㮌
綿,绵
預,预
容,㝐
率,卛
略,畧
留,畄
留,畱
留,㽞
領,领
宇,𡧃
宇,㡰
宇,㝢
宇,㙑
映,暎
沿,㳂
閣,阁
揮,挥
貴,䝿
貴,贵
胸,胷
筋,荕
筋,䈥
警,䜘
劇,剧
絹,绢
源,厵
誤,误
紅,红
鋼,钢
策,萗
詞,䛐
詞,词
磁,礠
射,䠶
樹,树
衆,眾
縮,缩
純,𥾑
純,纯
純,㝄
傷,伤
蒸,䒱
針,针
仁,忎
垂,埀
聖,垩
聖,琞
泉,洤
泉,㟫
善,譱
操,撡
創,创
創,刅
創,戧
創,戗
窓,窗
窓,窻
窓,䆫
窓,牕
窓,牎
宅,㡯
値,值
頂,顶
賃,赁
展,㞡
討,讨
糖,糛
糖,𥹥
糖,𥼽
認,认
納,纳
派,沠
陛,㙄
閉,閇
閉,闭
補,䋠
補,补
訪,访
幕,幙
密,宻
幼,㓜
裏,裡
臨,临
論,论
維,维
陰,侌
陰,阴
陰,阥
陰,隂
鉛,铅
汚,污
汚,汙
憶,忆
較,䡈
較,较
刈,苅
監,监
乾,乹
乾,亁
乾,漧
鑑,鑒
鑑,鍳
鑑,鑬
鑑,鉴
環,环
奇,竒
輝,辉
幾,㡬
儀,仪
詰,诘
脚,腳
脚,踋
却,卻
却,㕁
丘,㐀
丘,丠
丘,坵
丘,㘳
朽,𣏓
凶,㐫
凶,㓙
況,况
繰,缲
傾,倾
堅,坚
軒,轩
玄,𤣥
玄,𤇡
鼓,皷
鼓,鼔
鼓,皼
互,㸦
更,㪅
稿,稾
香,㿝
項,项
豪,儫
婚,㛰
載,载
雌,䳄
旨,㫖
執,执
襲,㦻
襲,袭
紹,绍
紹,綤
詳,详
丈,𠀋
浸,濅
浸,寖
浸,㴆
陣,阵
吹,龡
征,徰
跡,迹
跡,䟱
鮮,赻
鮮,鲜
訴,诉
替,㬱
濁,浊
丹,㣋
恥,耻
澄,澂
澄,瀓
珍,珎
珍,鉁
沈,沉
抵,拞
堤,埞
添,𣷹
唐,啺
塔,墖
塔,㗳
鈍,䤜
鈍,钝
濃,浓
輩,軰
輩,辈
杯,盃
杯,桮
杯,㮎
泊,淿
爆,煿
罰,罸
罰,罚
販,贩
盤,鎜
盤,盘
尾,㞑
微,㣲
怖,悑
膚,肤
腐,焤
普,暜
賦,䝾
賦,赋
柄,棅
峰,峯
凡,凢
凡,凣
漫,澷
妙,玅
霧,霚
霧,雾
網,䋞
紋,纹
躍,跃
雄,䧺
踊,踴
雷,靁
雷,壨
雷,䨓
絡,络
療,疗
麗,䴡
麗,婯
麗,丽
烈,烮
烈,煭
腕,䯛
閲,閱
閲,阅
卸,缷
卸,䣃
架,榢
華,蕐
華,华
怪,恠
塊,块
塊,㙕
該,该
郭,墎
貫,䝺
貫,贯
緩,缓
換,换
喚,唤
企,㑫
軌,䡄
軌,轨
棄,弃
棋,棊
棋,檱
棋,㯦
棋,櫀
忌,坖
岐,㞿
岐,㟚
騎,骑
菊,蘜
吉,𠮷
脅,脋
脅,胁
脅,𦚰
緊,紧
携,攜
携,㩦
携,擕
携,㩗
刑,㓝
憩,憇
鯨,鲸
賢,贒
賢,贤
賢,䝨
幻,㕕
幻,𠄔
悟,忢
拘,抅
綱,纲
綱,㭃
絞,绞
獄,狱
魂,䰟
紺,绀
債,债
錯,错
暫,暂
諮,谘
軸,轴
鐘,钟
焦,㸈
昇,曻
昇,陹
匠,匞
錠,锭
冗,宂
審,宷
審,审
辛,𨐌
斥,㡿
繕,缮
礎,础
桑,桒
桑,𥸮
葬,塟
賊,戝
賊,贼
胎,孡
胎,囼
託,讬
卓,㔬
奪,夺
鍛,煅
鍛,锻
壇,坛
稚,穉
稚,稺
稚,䄺
稚,䆈
駐,驻
彫,㓮
陳,塦
陳,軙
陳,陈
訂,订
締,缔
哲,啠
哲,喆
哲,嚞
哲,埑
陶,嗂
凍,冻
篤,䔍
篤,笃
豚,豘
豚,㞘
尿,㞙
尿,㳮
粘,黏
婆,㜑
縛,缚
伐,傠
帆,㠶
帆,䑺
苗,鱙
紛,纷
縫,綘
縫,缝
邦,峀
邦,䢶
乏,𣥄
謀,谋
謀,㖼
又,叹
魅,鬽
魅,䰨
滅,㓕
滅,灭
憂,㥑
誘,䛻
誘,诱
擁,拥
擁,㨣
揚,敭
揚,扬
裸,躶
裸,𧝹
濫,滥
陵,琌
陵,䧙
糧,粮
零,霗
漏,屚
尉,叞
尉,㷉
韻,韵
姻,婣
猿,猨
渦,涡
蚊,蚉
蚊,蟁
蚊,螡
涯,漄
嚇,吓
潟,澙
款,欵
款,㱁
款,歀
閑,闲
頑,顽
擬,拟
宜,冝
宜,宐
宜,㝖
窮,竆
窮,穷
享,亯
矯,矫
恭,㳟
恭,𢙄
恭,𢚈
琴,珡
琴,琹
琴,䥅
琴,䥆
琴,䦦
襟,䘳
吟,訡
吟,噖
慶,庆
懸,悬
洪,潂
貢,贡
侯,矦
剛,㓻
剛,𡬺
剛,刚
昆,㒭
懇,恳
詐,诈
栽,㘽
崎,嵜
崎,㟢
崎,﨑
索,䌇
傘,仐
傘,伞
賜,赐
嗣,孠
肢,胑
璽,壐
璽,玺
蛇,虵
儒,㐵
酬,酧
酬,醻
銃,铳
淑,㳤
俊,㑓
庶,庻
升,㚈
償,偿
粧,糚
訟,䛦
訟,讼
詔,诏
娠,㛛
紳,绅
診,诊
帥,帅
崇,崈
杉,檆
畝,畆
畝,畒
畝,畞
畝,㽗
畝,畮
畝,𤰖
畝,𤰖
畝,亩
誓,䤱
析,㭊
漸,渐
疎,踈
塑,塐
藻,薻
喪,丧
喪,䘮
曹,曺
駄,馱
駄,驮
駄,䭾
惰,憜
泰,㤗
泰,𣳾
漬,渍
邸,䣌
偵,侦
貞,贞
徹,彻
搭,撘
棟,栋
軟,輭
軟,软
妊,姙
培,㟝
賠,赔
舶,艊
鉢,缽
鉢,钵
閥,阀
煩,烦
頒,颁
罷,罢
猫,貓
譜,谱
紡,纺
僕,㒒
僕,䑑
撲,擈
磨,䃺
銘,铭
窯,窰
窯,窑
羅,罗
酪,嗠
柳,桺
柳,𫞉
柳,栁
柳,桞
柳,橮
涼,凉
倫,伦
鈴,铃
賄,贿
曖,暧
嵐,岚
嵐,㞩
彙,彚
彙,汇
唄,呗
唄,㗑
怨,㤪
臆,肊
潰,溃
諧,谐
崖,崕
蓋,葢
蓋,盖
骸,䯐
柿,柹
柿,枾
顎,颚
釜,釡
玩,貦
毀,毁
畿,㙨
巾,䘜
錦,锦
熊,㷱
詣,诣
隙,隟
鍵,键
虎,乕
虎,虝
錮,锢
喉,㗋
駒,驹
頃,顷
柵,栅
刹,剎
斬,斩
摯,挚
鹿,𢈘
腫,肿
呪,咒
蹴,蹵
尻,㞍
腎,肾
須,须
箋,䇳
箋,笺
膳,饍
堆,垖
誰,谁
綻,绽
貼,贴
鶴,鶴
鶴,鸖
鶴,䳽
鶴,鹤
諦,谛
妬,妒
藤,䕨
栃,杤
頓,顿
貪,贪
那,㑚
梨,棃
梨,梸
鍋,锅
罵,駡
罵,骂
斑,辬
眉,睂
膝,厀
阜,峊
訃,讣
蔑,薎
蜂,蠭
蜂,䗬
貌,皃
貌,䫉
貌,㒵
勃,㔜
冥,㝠
冥,䆩
瘍,疡
辣,辢
藍,蓝
侶,侣
瑠,璢
呂,吕
賂,赂
弄,挊
弄,挵
弄,㺯
籠,篭
籠,笼
麓,㯟
脇,䏮
脇,𦚰
思,恖
貿,贸
窪,漥
鞍,鞌
謂,谓
鮪,鲔
允,㽙
寅,㝙
胤,㣧
蔭,䕃
蔭,𦹥
蔭,荫
蔭,𨼲
鸚,䨉
鸚,鹦
烏,乌
廻,廽
廻,𢌞
叡,睿
叡,壡
叡,㲊
嬰,婴
嬰,孆
曳,曵
盈,盁
厭,厌
堰,隁
燕,鷰
燕,䴏
燕,㷼
薗,園
鳶,鸢
於,扵
鴨,鸭
鴦,鸯
鷹,鹰
蝦,虾
臥,卧
蛾,䖸
駕,驾
凱,凯
鎧,铠
鮭,鲑
亥,㐪
碍,礙
苅,刈
塙,墧
鍔,锷
鰐,鱷
鰐,鳄
樫,㭴
侃,偘
姦,姧
舘,館
舘,館
舘,馆
莞,萖
萱,萲
萱,蕿
萱,藼
萱,蘐
贋,贗
贋,赝
其,亓
毅,䝘
磯,矶
窺,窥
鰭,鳍
蟻,蚁
誼,竩
誼,谊
鞠,䪕
桔,㮮
玖,㺵
鳩,鸠
鋸,锯
僑,侨
劫,刧
劫,刦
劫,刼
匡,匩
喬,𠳮
蕎,荞
旭,旮
欣,惞
欽,钦
芹,䓅
垢,坸
狗,㺃
駈,駆
駈,驅
駈,驱
寓,庽
馴,驯
畦,㽯
戟,㦸
訣,诀
頁,页
牽,牵
牽,撁
硯,砚
絢,绚
鰹,鲣
彦,彥
鈷,钴
昂,昻
浩,澔
浩,㵆
浩,㬶
糠,粇
紘,綋
紘,纮
縞,缟
肴,餚
肱,厷
藁,藳
鮫,鲛
鴻,䲨
鴻,鸿
轟,軣
轟,轰
坤,堃
昏,昬
梱,棞
艮,㫔
紗,纱
蓑,簑
蓑,簔
坐,㘴
坐,㘸
哉,㦲
晒,曬
燦,灿
餐,湌
餐,飡
之,㞢
匙,㔭
弛,㢮
梓,榟
獅,狮
蒔,莳
錫,锡
錫,㒪
髭,頾
爾,尓
爾,尒
爾,尔
馳,驰
宍,肉
悉,怸
姐,媎
柘,䂞
雀,䲵
諏,诹
趨,趋
濡,渪
綬,绶
鷲,鹫
輯,辑
鍬,鍫
鍬,锹
鰍,鳅
廿,卄
紐,纽
醇,醕
醇,䣩
醇,䣨
駿,骏
惇,㥫
淳,湻
閏,閠
閏,䦞
閏,闰
疏,䟽
鋤,锄
鼠,鼡
鼠,䑕
嘗,甞
嘗,尝
捷,㨗
捷,掶
樵,藮
鉦,钲
鍾,钟
鍾,锺
鎗,鏿
粟,䅇
榛,樼
榛,㰉
疹,𤺋
矧,矤
訊,訙
訊,䛜
訊,讯
賑,赈
儘,侭
塵,尘
稔,䄒
蘇,蘓
蘇,苏
雛,鶵
雛,雏
錘,锤
錐,锥
棲,捿
貰,贳
碩,硕
栴,㮵
釧,钏
銑,铣
閃,闪
楚,椘
楚,䠂
叢,樷
叢,藂
叢,丛
槍,枪
湊,凑
綜,综
葱,蔥
葱,䓗
蒼,苍
蚤,𧈡
蚤,䖣
蚤,䗢
柁,舵
柁,䑨
舵,柁
舵,䑨
詫,诧
苔,菭
鐸,鈬
鐸,铎
坦,憻
湛,㴴
耽,躭
筑,𥬑
丑,丒
紬,䌷
紬,䌧
苧,苎
寵,宠
暢,畅
肇,肈
脹,胀
蔦,茑
諜,谍
釘,钉
銚,铫
砧,碪
剃,鬀
綴,缀
蹄,蹏
鵜,鹈
鼎,鼑
鼎,㫀
荻,蔐
荻,藡
鏑,镝
姪,㜼
轍,辙
甜,甛
甜,䑚
鮎,鲇
兜,兠
兜,㿡
鍍,镀
套,㚐
嶋,島
嶋,嶌
嶋,嶹
嶋,㠀
嶋,岛
蕩,蘯
蕩,盪
蕩,荡
鐙,镫
膿,脓
禿,秃
敦,㪟
頗,颇
盃,杯
盃,桮
盃,㮎
楳,梅
楳,梅
楳,槑
狽,狈
柏,栢
駁,驳
筏,栰
鰻,鳗
緋,绯
誹,诽
轡,辔
弼,弻
弼,㢶
畢,毕
錨,锚
撫,抚
輔,辅
鮒,鲋
蕪,芜
鵡,鹉
楓,枫
鳳,凤
鳳,鳯
鳳,鴌
焚,燓
焚,㷊
糞,粪
緬,缅
鋪,舗
鋪,铺
鋪,舖
峯,峰
鋒,鏠
鋒,锋
鋒,鎽
鴇,鸨
鵬,鹏
卯,夘
卯,戼
悶,㥃
悶,闷
爺,爷
尤,怣
酉,丣
輿,轝
輿,舆
楊,杨
耀,㿢
洛,洜
栗,㮚
栗,𣡼
狸,貍
裡,裏
鯉,鲤
劉,刘
溜,澑
梁,鿄
梁,樑
綾,绫
菱,蔆
菱,䔖
諒,谅
婁,娄
櫓,樐
櫓,㯭
櫓,橹
魯,鲁
鷺,鹭
鷺,鴼
聾,聋
聾,䏊
或,㦯
咒,呪
埜,野
埜,壄
埜,㙒
埜,𡌛
崕,崖
溯,遡
篭,籠
篭,笼
葢,蓋
葢,盖
麪,麺
麪,麵
麪,麫
卻,却
卻,㕁
圀,國
圀,国
圀,囶
圀,囻
圀,囯
圀,䆐
棊,棋
棊,檱
棊,㯦
棊,櫀
澂,澄
澂,瀓
烟,煙
烟,𤇆
烟,㷑
璢,瑠
筍,笋
笋,筍
聟,婿
聟,壻
聟,聓
謌,歌
鑒,鑑
鑒,鍳
鑒,鑬
鑒,鉴
襍,雑
襍,雜
襍,杂
霸,覇
韵,韻
飜,翻
黏,粘
丕,㔻
于,亏
于,亐
亟,䓧
亟,焏
价,㑘
佇,伫
佞,侫
侖,仑
俔,悓
俔,伣
俎,爼
俥,伡
們,们
倆,𠈓
倆,俩
偬,倊
偬,傯
傚,俲
傴,伛
僉,佥
僂,偻
僥,侥
僥,徺
儁,㒞
儁,㑺
儂,侬
儕,㑪
儕,侪
儔,俦
儚,顭
儺,傩
儷,㒧
儷,俪
儼,𠑊
儼,俨
儻,傥
兌,兑
兌,兊
冀,兾
冏,囧
冪,羃
剄,刭
剋,尅
剴,剀
勁,劲
勠,勎
匆,匇
匯,滙
匯,汇
匱,匮
匳,奩
匳,籢
匳,匲
匳,奁
卍,卐
厖,庬
燮,爕
燮,㸉
燮,夑
吶,呐
吶,㕯
吝,㖁
咄,嚉
咢,㖾
咤,吒
咤,咜
哮,㫴
啀,嘊
啣,銜
啣,㘅
啣,衘
啣,衔
嗚,呜
嗇,啬
嗜,呩
嗤,㰞
嗤,𣣷
嘔,呕
嗷,嗸
嘖,啧
嘸,呒
嘯,嘨
嘯,歗
嘯,啸
嚀,咛
嚶,嘤
囂,嚻
囂,嚣
囁,嗫
囈,呓
垓,畡
垠,垦
埒,埓
堝,埚
堡,堢
塋,茔
塒,埘
塹,壍
塹,㟻
塹,堑
壅,㙲
壙,圹
壜,罎
壜,墰
壜,墵
壜,坛
壟,垄
壟,壠
壟,垅
夥,㚌
夬,叏
夾,夹
奐,奂
妝,妆
妝,娤
妝,䊋
妝,𡝂
姙,妊
娟,姢
婀,妸
婀,娿
媼,媪
嫋,嬝
媽,妈
嫗,妪
嫩,嫰
嫺,嫻
嫺,娴
嫺,㛠
嫻,娴
嫻,嫺
嫻,㛠
嬌,娇
嬋,婵
嬪,娦
嬪,嫔
嬾,孏
嬾,孄
嬾,㦨
孀,㜀
孕,㞌
孕,㚺
孩,㜾
宦,䆠
尠,尟
屁,𥧔
崟,崯
崟,㖗
崑,崐
崢,峥
嵌,篏
嵒,嵓
嵬,㠕
嶇,岴
嶇,岖
嶄,嶃
嶄,崭
嶢,嶤
嶢,𡸳
嶢,峣
嶬,㠖
嶮,𡸴
嶮,崄
嶷,㠜
嶼,㠘
嶼,屿
巓,嵮
巓,巔
巓,巅
巒,峦
帚,菷
帑,伖
幀,帧
幀,㡠
幗,帼
幔,㡢
幟,旘
幟,帜
麼,麽
麼,嚒
麼,庅
麼,尛
廂,厢
廡,庑
廩,廪
廩,㐭
廬,庐
廱,㢕
弑,弒
徂,䢐
徇,伨
徇,狥
徭,傜
忝,㤁
恚,㤬
恁,㤛
恪,愙
恪,㤩
恪,愘
恟,忷
悍,猂
悖,愂
悋,恡
悸,㑧
悽,恓
悵,怅
愕,㦍
愆,諐
惻,恻
慍,愠
愨,慤
愨,悫
愧,媿
愴,獊
愴,怆
慂,惥
慳,悭
慫,怂
慟,恸
慟,憅
憖,慭
憖,憗
憚,惮
憊,惫
憑,慿
憫,悯
憮,㒇
憮,怃
懌,𢗜
懌,怿
懊,㤇
懍,懔
懦,懧
懦,㐡
懣,𢡛
懣,㦖
懣,懑
懶,懒
懿,㦤
懿,㦉
懿,㱅
懾,慑
懼,愳
戔,戋
戔,㦮
扛,摃
扼,㧖
抉,挗
抔,㧵
拗,抝
拇,胟
拯,抍
捏,揑
掎,𢰤
捫,扪
揀,拣
搴,㩃
搦,搻
搶,抢
搗,捣
摶,㩛
摶,抟
撓,挠
撥,拨
撈,𢭐
撈,捞
撼,㨔
擘,孹
擂,攂
擱,搁
擠,㨈
擠,挤
擣,㨶
擣,𢭏
擣,捯
擯,摈
擲,掷
擺,摆
擽,攊
擽,㧰
攀,㐴
攤,摊
攤,擹
攣,挛
攫,爴
攫,㸕
攬,揽
龠,𠋁
龠,𠎤
龕,龛
黜,㔘
黶,黡
黷,黩
黎,㴝
黐,粚
斛,㪶
斟,酙
斟,㪸
斟,㘰
齟,𪗱
齟,龃
齠,龆
齦,龈
齬,𪘚
齬,龉
齪,龊
齷,龌
齲,䶚
齲,龋
齶,腭
齶,㗁
旃,旜
旃,㫋
旆,斾
旁,㝑
旌,旍
旛,旙
敲,㪣
斂,㪘
斂,敛
斃,毙
黌,黉
鴆,鸩
鴟,鸱
鴒,䴒
鴒,鸰
鴕,鸵
鴣,鸪
鴿,䧻
鴿,鸽
鵑,鹃
鵲,䧿
鵲,鹊
鶉,鹑
鶉,㝇
鶇,鸫
鵯,鹎
鶚,鹗
鶩,䳱
鶩,鹜
鶩,𨾣
鶲,鹟
鷁,鹢
鶻,鹘
鶺,鹡
鷆,鷏
鷂,鹞
鷙,鸷
鷓,鹧
鷸,鹬
鷦,鹪
鷯,鹩
鸛,鹳
鸞,鵉
鸞,鸾
毟,挘
毟,毮
毯,㲜
毯,㲭
黽,黾
黽,㫣
鼇,鰲
鼇,鳌
鼈,鱉
鼈,龞
鼈,鳖
魴,鲂
鮃,鲆
鮓,鲊
鮑,鲍
鮨,䱈
鯀,鮌
鯀,鲧
鯊,鯋
鯊,鲨
鯒,鲬
鯢,鲵
鯤,鲲
鯡,鲱
鯔,鲻
鯰,鲶
鰓,鳃
鰉,鳇
鰌,䲡
鰈,鲽
鰆,䲠
鰒,鳆
鰥,𩻄
鰥,鳏
鰾,鳔
鱠,鲙
鱧,鳢
鱸,魲
鱸,鲈
朧,胧
昊,昦
昃,昗
昶,㫤
晨,㫳
暈,晕
暉,晖
曦,㬢
暘,旸
耨,槈
耨,䅶
耙,䎱
耙,䎬
閂,闩
閨,闺
閘,闸
閔,闵
齎,䝴
魘,魇
魘,㱘
魑,䬜
魎,魉
閭,闾
閻,阎
閻,閆
閻,闫
閹,剦
閹,阉
閾,阈
闃,閴
闃,阒
闍,阇
闡,閳
闡,阐
闖,闯
闔,阖
闕,阙
闌,阑
罎,壜
罎,墰
罎,墵
罎,坛
罅,鎼
罌,甖
罌,甇
罌,罂
雹,䨌
雹,䨔
霄,䨭
霄,㲵
霏,䬠
霪,䨙
靉,叆
靂,雳
霰,䨷
霽,霁
霽,䨖
朮,术
朶,朵
朶,䒳
柩,匛
柝,𣔳
蛔,蜖
蜆,蚬
蜃,蜄
蜿,䖤
蜿,䗕
蝟,猬
蝸,蜗
螻,蝼
蟄,蛰
蟯,蛲
蟶,蛏
蠑,蝾
蠡,蟸
蠱,蛊
栲,𣑥
梔,栀
梟,䲷
梟,鴵
梟,枭
椏,𬂲
椏,桠
椁,槨
棗,栆
棗,枣
棠,㭻
楹,𣟅
椰,㭨
楫,檝
楫,艥
楮,柠
槁,槀
榴,橊
榜,㮄
槧,椠
樅,枞
槨,椁
樸,檏
橇,䢪
橈,𣓤
橈,桡
檣,樯
檠,㯳
檳,槟
檳,㯽
檻,槛
櫚,榈
欖,㰖
欖,榄
欒,栾
櫨,枦
櫨,栌
櫪,枥
櫺,欞
櫺,㯪
櫺,棂
肬,疣
胚,肧
胥,縃
胄,伷
脛,𦙾
脛,胫
脾,腗
膀,髈
膂,膐
膊,𦢸
膩,𧸐
膩,腻
膩,𦡸
曼,㬅
趾,䟖
跋,䟦
踵,歱
蹌,跄
蹈,𨂻
蹙,䠞
蹣,蹒
蹤,踨
蹶,蹷
躅,䠱
躋,䠁
躋,跻
躊,踌
躓,踬
躑,踯
躡,蹑
鹹,醎
膰,㸋
臀,臋
膾,脍
臉,脸
臍,𦜝
臍,䐡
臍,脐
臙,胭
臚,胪
漿,浆
沛,㳈
沛,伂
沱,沲
泪,涙
泪,淚
泪,㴃
泯,冺
洽,冾
洶,汹
靦,䩄
靦,腼
靨,靥
馘,聝
颯,䬃
颯,飒
飆,飙
飆,飇
飆,飈
飆,飚
飆,飊
颶,𩗗
颶,飓
飄,飃
飄,飘
浣,澣
浙,淛
涓,㳙
浹,浃
涅,𣵀
涅,湼
涎,㳄
淬,㳃
涵,㴠
涵,𣹢
淪,沦
渙,涣
湫,湬
湫,𣹌
渾,浑
渫,㳿
游,㳺
滄,沧
滔,㴞
滾,滚
漲,涨
滸,浒
漱,潄
滲,渗
滲,涁
滲,㵕
滷,瀂
滷,澛
滌,涤
潸,澘
潺,潹
澆,浇
潯,浔
澣,浣
濘,澝
瀋,渖
濺,溅
瀏,浏
瀉,泻
瀉,㵼
瀝,沥
瀟,潇
瀾,澜
瀲,潋
瀰,㳽
軋,轧
軛,軶
軛,轭
軻,轲
軫,轸
軼,轶
軾,轼
輅,辂
輊,轾
輊,䡹
輟,辍
輜,輺
輜,辎
輦,辇
輻,辐
輳,辏
轅,辕
轂,毂
輾,辗
轆,辘
轎,轿
轢,轹
轤,䡎
轤,轳
馮,冯
馮,溤
馭,驭
駟,驷
駛,驶
駑,驽
駘,骀
駝,駞
駝,驼
駱,骆
駭,骇
駻,馯
騁,𩧢
騁,骋
駸,骎
騅,骓
騏,骐
騫,䮿
騫,骞
驂,骖
驃,骠
騾,驘
騾,骡
驀,蓦
驕,骄
驍,骁
驟,骤
驪,骊
驤,骧
驥,蘎
驥,龮
驥,𩦸
驥,骥
驢,馿
驢,驴
笳,䈔
筧,笕
筱,篠
筱,筿
筱,𥴽
箘,箟
箘,䇹
箍,笟
篋,匧
篋,箧
歃,㰱
歃,𣣨
歟,欤
歛,㰸
聿,肀
雎,鴡
雉,鴙
雍,雝
雋,隽
雖,虽
篩,籭
篩,筛
簍,篓
簀,箦
簗,𥱋
簣,篑
簽,签
簫,簘
簫,箫
簫,𪛕
籃,篮
籌,筹
籔,䉤
籟,籁
珀,砶
琲,㻗
琺,珐
瑟,㻎
瑙,碯
瑁,㺺
瑩,莹
瑣,琑
瑣,琐
瑪,玛
瑰,瓌
瑰,璝
瓊,琼
瓔,珱
瓔,璎
瓏,珑
髻,䦇
鬘,䰋
鬣,鬛
鬣,㲱
鬢,髩
鬢,鬂
鬢,鬓
砒,磇
碪,砧
磑,硙
碼,码
磧,碛
磚,砖
磽,硗
礙,碍
礫,䃯
礫,砾
礬,矾
釵,钗
鈞,銁
鈞,銞
鈞,钧
鈕,钮
鈑,钣
鈔,钞
鉗,钳
鉗,䈤
鉉,铉
鉞,钺
鉞,龯
鉞,䤦
鉋,铇
鉈,铊
鈿,钿
銜,啣
銜,㘅
銜,衘
銜,衔
銖,铢
銕,鉄
銕,鐵
銕,鐡
銕,䥫
銕,铁
銓,铨
銛,銽
銛,铦
鋏,𨦇
鋏,铗
銹,鏥
銹,锈
銷,销
錏,铔
錙,鍿
錙,锱
錚,铮
鍠,锽
鎰,镒
鎬,镐
鏖,䥝
鏘,𨪙
鏘,锵
鏤,镂
鏨,錾
鏃,镞
鏝,𨭜
鏝,镘
鏐,镠
鏗,铿
鐃,铙
鐐,镣
鐓,鐜
鐓,镦
鐫,鎸
鐫,镌
鐶,镮
鐺,铛
鑠,铄
鑞,镴
鑪,鈩
鑰,钥
鑷,镊
鑼,锣
钁,䦆
鑿,䥣
鑿,凿
紆,䊸
紆,纡
紂,纣
紕,纰
紜,纭
絅,䌹
紿,绐
紿,緿
絆,绊
紵,纻
紮,紥
紲,絏
紲,绁
絎,绗
絨,绒
絏,紲
絏,绁
綏,绥
綉,繍
綉,繡
綉,绣
絛,縧
絛,绦
綺,绮
綵,䌽
緇,䊷
緇,缁
緇,䌶
綽,绰
綣,绻
綸,纶
綯,绹
綰,绾
綫,線
綫,线
綫,缐
緞,縀
緞,缎
緘,缄
緲,缈
緝,缉
緡,緍
緡,缗
縟,缛
縊,缢
縉,縉
縉,缙
縻,䌕
繆,缪
縹,缥
縵,𦆅
縵,缦
縲,纝
縲,缧
縷,缕
繚,缭
繞,绕
繹,绎
繽,缤
纃,緕
辮,辫
纈,缬
纓,䋝
纓,缨
纜,䌫
纜,缆
骭,䯎
髏,髅
髏,䫫
犖,荦
犢,㸿
犢,犊
酣,佄
酥,䜹
酩,佲
醵,䣰
馥,䫝
聆,䠲
聳,耸
聶,聂
瓷,甆
瓷,珁
甃,㼙
甌,瓯
牘,牍
艙,舱
艤,舣
艪,艣
艫,舮
艫,舻
炙,熫
炙,䏑
炒,㶤
烝,㷥
烽,㶻
煥,烉
煥,焕
煌,䪄
煬,炀
煖,煗
熬,䵅
熹,熺
熾,炽
燎,尞
燼,烬
爍,烁
爛,爤
爛,烂
訖,讫
訌,讧
訐,讦
訛,譌
訛,讹
訥,讷
詛,诅
訶,诃
詁,诂
詆,呧
詆,诋
詒,诒
詭,诡
詢,询
誄,䛶
誄,诔
詬,訽
詬,诟
誅,诛
誨,诲
誡,䛺
誡,诫
誣,誈
誣,诬
誦,诵
誚,诮
誑,诳
諄,谆
諍,诤
諂,讇
諂,谄
諤,谔
諢,诨
謔,谑
諳,谙
諷,讽
謐,谧
謗,谤
謖,谡
謾,谩
謾,㗄
謳,𧦅
謳,讴
謫,讁
謫,谪
謨,謩
謨,谟
譌,訛
譌,讹
譏,讥
譎,谲
譫,谵
讌,䜩
讖,䜟
讖,谶
讒,䜛
讒,谗
鬩,䦧
鬩,阋
鬮,䰗
鬮,䦰
鬮,阄
裙,裠
裙,帬
裘,𣰐
裹,褁
裴,裵
褌,裩
褌,裈
褸,褛
褻,䙝
褻,亵
襄,㐮
襠,裆
襤,繿
襤,褴
襤,䍀
襯,衬
襴,襽
襴,襕
襷,𧜎
躬,躳
躱,躲
軈,軅
鞋,鞵
犲,豺
狢,貉
狢,貈
猊,貎
倏,倐
猗,䝝
猴,㺅
猯,貒
獏,貘
獪,狯
獰,狞
獺,㺚
獺,獭
羌,羗
羌,猐
羔,羙
羹,羮
羶,羴
頏,颃
頌,颂
頡,颉
頷,颔
顆,颗
顫,颤
顰,颦
顱,髗
顱,颅
顴,颧
顳,颞
眄,䀎
睨,𥆩
睨,𧡎
睥,睤
睥,䁹
睹,覩
瞠,憆
瞞,𥈞
瞞,瞒
瞼,𥇥
瞼,睑
矚,瞩
阨,阸
陜,陕
陝,陕
陟,徏
陞,阩
隕,陨
隴,𨻫
隴,陇
邨,村
郤,郄
鄲,郸
疣,肬
疥,㿍
痙,痉
痞,脴
瘁,疩
瘧,疟
瘋,疯
瘤,癅
瘡,疮
瘻,瘘
癇,癎
癇,痫
癆,痨
癈,㾱
癘,疠
癧,疬
癩,癞
癬,癣
癰,癕
癰,㿈
癰,痈
癲,癫
粢,秶
粤,粵
粳,稉
粳,秔
粽,糉
粽,糭
糯,糥
糯,穤
糯,稬
糲,䊪
糴,籴
糶,粜
饕,䬭
歿,殁
殞,殒
殤,殇
殫,殚
殯,殡
艾,𦫿
艾,㘷
茲,茊
茲,兹
茲,𦱳
茘,荔
莚,葕
莢,荚
莅,蒞
菴,葊
萍,䓑
菫,蓳
萼,蕚
葷,荤
萸,茰
萵,莴
蔘,薓
蕘,荛
蕕,莸
蕁,荨
薊,蓟
蕷,蓣
薔,蔷
薑,䕬
薈,荟
蕭,䔥
蕭,萧
薺,萕
薺,荠
藕,㒖
蘊,蕴
蘢,茏
藺,蔺
蘋,薲
蘚,藓
蘿,萝
畚,奙
疆,畺
疆,壃
疆,疅
覓,覔
覓,觅
覘,觇
覡,觋
覩,睹
覬,觊
覿,觌
鬻,俼
鬻,㣃
皎,賋
皖,晥
皚,皑
豺,犲
貂,鼦
貊,貃
貉,狢
貉,貈
貎,猊
貘,獏
耋,耊
貽,贻
賈,贾
貶,贬
貲,赀
賚,赉
賻,赙
賽,赛
賺,赚
贄,贽
贅,赘
贇,赟
贍,赡
贔,赑
贐,賮
贐,䝲
贐,赆
贓,賍
贓,赃
贓,贜
贓,賘
贖,赎
秣,䬴
稈,秆
穢,秽
穡,穑
穡,穯
盍,盇
盞,盏
盞,𥁫
盧,卢
盥,泴
趁,趂
趙,赵
舐,䑛
舐,舓
艱,囏
艱,艰
觴,觞
罕,䍐
羃,冪
羆,罴
羇,覉
羈,覊
羈,羁
皰,䶌
皺,皱
穹,宆
窩,窝
窶,窭
竅,䆻
竅,窍
竄,䞼
竄,窜
竇,窦
矜,㥤
舂,㫪
舂,𣇃
衄,衂
衄,䘐
臧,𠗱
豈,岂
豢,㹖
谿,嵠
谿,𧮾
竸,競
竸,竞
冩,写
冩,寫
冩,㝍
刄,刃
卆,卒
卆,䘚
冨,富
驫,骉
鐡,鉄
鐡,鐵
鐡,銕
鐡,䥫
鐡,铁
躰,体
躰,體
躰,軆
躰,骵
躰,𩪆
赱,走
赱,㞫
椢,槶
琿,珲
珱,瓔
珱,璎
鼡,鼠
鼡,䑕
鳫,鴈
鳫,雁
斈,学
斈,學
巛,川
迯,逃
逹,達
鰲,鼇
鰲,鳌
潁,颍
攵,攴
攴,攵
寉,隺
亊,事
亊,叓
亊,㕝
从,従
从,從
从,𨑹
凉,涼
舩,船
舮,艫
舮,舻
瀘,泸
亰,京
冂,冋
囘,回
囘,囬
邉,辺
邉,邊
邉,边
曵,曳
决,決
冰,氷
况,況
劔,剣
劔,劍
劔,劎
劔,劒
劔,剱
劔,釼
劔,釰
劔,𠝏
劔,剑
劒,剣
劒,劍
劒,劎
劒,劔
劒,剱
劒,釼
劒,釰
劒,𠝏
劒,剑
剱,剣
剱,劍
剱,劎
剱,劔
剱,劒
剱,釼
剱,釰
剱,𠝏
剱,剑
弃,棄
鵐,鹀
鷏,鷆
餝,飾
餝,饰
餝,餙
徃,往
悳,徳
悳,德
悳,㥁
悳,恴
悳,惪
悳,𢛳
繿,襤
繿,褴
繿,䍀
皷,鼓
皷,鼔
皷,皼
聹,聍
籘,籐
籏,簱
皃,貌
皃,䫉
皃,㒵
皈,帰
皈,歸
皈,㱕
皈,𡚖
皈,归
皈,䢜
疂,畳
疂,疊
疂,疉
疂,叠
疂,曡
疉,畳
疉,疊
疉,疂
疉,叠
疉,曡
榿,桤
楙,枆
楙,㮊
楙,柕
槞,櫳
槞,㰍
槞,栊
攜,携
攜,㩦
攜,擕
攜,㩗
愽,博
尓,爾
尓,尒
尓,尔
墺,圫
貍,狸
貔,豼
釖,刀
釡,釜
歹,歺
絋,纊
絋,纩
緜,綿
緜,㮌
緜,绵
杤,栃
枩,松
枩,枀
枩,柗
枩,梥
枩,㮤
枩,庺
枦,櫨
枦,栌
汳,汴
渊,淵
渊,渕
渊,渆
渊,㴊
渊,㶜
渊,囦
渊,渁
菷,帚
釼,剣
釼,劍
釼,劎
釼,劔
釼,劒
釼,剱
釼,釰
釼,𠝏
釼,剑
鈬,鐸
鈬,铎
鉚,𨥫
鉚,铆
甼,町
畄,留
畄,畱
畄,㽞
畍,界
畊,耕
畆,畝
畆,畒
畆,畞
畆,㽗
畆,畮
畆,𤰖
畆,亩
爼,俎
恠,怪
愡,憁
埀,垂
埓,埒
旙,旛
蘓,蘇
蘓,苏
蓚,蓨
岷,崏
岷,㟭
岷,㞶
岷,㟩
岷,渂
鈩,鑪
鑁,錽
鏥,銹
鏥,锈
尢,尣
彑,彐
网,冈
乕,虎
乕,虝
軣,轟
軣,轰
逶,㣦
咼,呙
噐,器
噐,器
刧,劫
刧,刦
刧,刼
辧,弁
辧,辨
栢,柏
碕,𥔎
迩,邇
侭,儘
夘,卯
夘,戼
凖,準
埣,𡉻
塲,場
塲,场
塲,㘯
塢,坞
嶌,島
嶌,嶋
嶌,嶹
嶌,㠀
嶌,岛
崗,岗
嵜,崎
嵜,㟢
嵜,﨑
憙,憘
憇,憩
緕,纃
纎,纖
纎,繊
纎,纤
箟,箘
箟,䇹
篏,嵌
踈,疎
档,檔
寳,宝
寳,寶
寳,寚
寳,珤
寳,靌
寳,㻄
稾,稿
穉,稚
穉,稺
穉,䄺
穉,䆈
欟,𣠤
壗,𡋤
梦,夢
梦,夣
梦,㝱
竒,奇
奩,匳
奩,籢
奩,匲
奩,奁
侫,佞
尅,剋
帋,紙
帋,纸
幤,幣
廰,庁
廰,厅
廰,厛
廰,廳
廰,㕔
舉,挙
舉,擧
舉,举
舉,㪯
敘,叙
敘,敍
旡,㒫
暎,映
朖,朗
朖,朗
棡,㭎
榲,榅
樢,㭤
櫞,橼
毓,育
渤,㴾
澀,渋
澀,澁
澀,歮
澀,涩
濳,潜
濳,潛
澑,溜
犹,猶
獎,奨
獎,奬
獎,㢡
獎,奖
珎,珍
珎,鉁
甞,嘗
甞,尝
畧,略
盖,蓋
盖,葢
睿,叡
睿,壡
睿,㲊
瞶,瞆
碯,瑙
窗,窓
窗,窻
窗,䆫
窗,牕
窗,牎
窰,窯
窰,窑
粮,糧
罸,罰
罸,罚
羣,群
羣,䭽
羮,羹
譱,善
耻,恥
冐,冒
脉,脈
脉,衇
膓,腸
膓,肠
膸,髄
膸,髓
膸,䯝
萇,苌
蔆,菱
蔆,䔖
蕚,萼
衂,衄
衂,䘐
袁,𡊮
袁,𡋡
覊,羈
覊,羁
觧,解
豬,猪
豬,猪
豼,貔
貭,質
貭,儨
貭,质
貮,弐
貮,貳
貮,贰
貮,㒃
賍,贓
賍,赃
賍,贜
賍,賘
軆,体
軆,體
軆,躰
軆,骵
軆,𩪆
鄰,隣
鄰,厸
鄰,邻
閇,閉
閇,闭
閠,閏
閠,䦞
閠,闰
陦,隯
隲,騭
隲,骘
飃,飄
飃,飘
弎,三
擤,㨘
剝,剥
塡,填
鸖,鶴
鸖,䳽
鸖,鶴
鸖,鹤
灩,灎
灩,灔
灩,灧
灩,滟
灎,灩
灎,灔
灎,灧
灎,滟
灔,灩
灔,灎
灔,灧
灔,滟
籲,龥
龥,籲
黱,黛
黿,鼋
鼂,鼌
鼃,䵷
䵷,鼃
鼅,䵹
䵹,鼅
鼉,鼍
龞,鼈
龞,鱉
龞,鳖
鱉,鼈
鱉,龞
鱉,鳖
鼑,鼎
鼑,㫀
鼖,䩿
䩿,鼖
丅,下
丄,上
馯,駻
丒,丑
㐀,丘
㐀,坵
㐀,丠
㐀,㘳
坵,丘
坵,㐀
坵,丠
坵,㘳
卋,世
卋,丗
卋,㔺
丟,丢
丟,厾
两,両
两,兩
两,㒳
傡,並
傡,竝
㞢,之
乄,〆
〆,乄
镹,久
镹,乆
乆,久
乆,镹
鼔,鼓
鼔,皷
鼔,皼
鼢,𪖅
䰛,㽁
㽁,䰛
俼,鬻
俼,㣃
齅,嗅
齅,㗜
齇,齄
齄,齇
斊,斉
斊,齊
斊,亝
斊,齐
斊,䄢
亝,斉
亝,齊
亝,斊
亝,齐
亝,䄢
斋,斎
斋,齋
斋,㪰
斋,夈
斋,䬩
虀,齏
虀,韲
虀,䪡
虀,䪠
虀,䪣
虀,齑
虀,䪢
䪡,齏
䪡,韲
䪡,虀
䪡,䪠
䪡,䪣
䪡,齑
䪡,䪢
齕,龁
齗,龂
齞,齴
齴,齞
龒,竜
龒,龍
龒,㡣
龒,龙
龐,庞
龐,龎
龐,厐
龎,厐
龎,龐
龎,庞
龑,䶮
龔,龚
龣,觮
椉,乗
椉,乘
乹,乾
乹,亁
乹,漧
亁,乾
亁,乹
亁,漧
叓,事
叓,亊
叓,㕝
㕝,事
㕝,亊
㕝,叓
亏,于
亏,亐
亐,于
亐,亏
馹,驲
馱,駄
馱,驮
馱,䭾
駔,驵
兦,亡
兦,亾
亾,亡
亾,兦
巟,㠩
亯,享
駞,駝
駞,驼
駙,䮛
駙,驸
駰,骃
騂,骍
駵,騮
駵,骝
駵,驑
駵,駠
駵,𩥖
騮,駵
騮,驑
騮,駠
騮,𩥖
騮,骝
驑,駵
驑,騮
驑,𩥖
驑,骝
驑,駠
駠,駵
駠,騮
駠,𩥖
駠,骝
駠,驑
騐,験
騐,驗
騐,验
騧,䯄
騤,骙
騣,騌
騣,骔
騌,騣
騌,骔
騖,骛
騭,骘
騭,隲
騶,驺
驁,骜
驄,騘
驄,骢
騘,驄
騘,骢
驇,騺
騺,驇
驘,騾
驘,骡
驈,䮇
驊,骅
驎,䮼
驌,骕
馿,驢
馿,驴
蘎,驥
蘎,龮
蘎,𩦸
蘎,骥
驦,骦
骪,骫
骫,骪
骬,𩨗
䯊,胢
髕,臏
髕,髌
髕,膑
臏,髕
臏,髌
臏,膑
髖,髋
髙,高
髡,髠
髡,髨
髠,髡
髠,髨
髨,髡
髨,髠
頾,髭
髳,䟥
髹,髤
髹,䰍
髤,髹
髤,䰍
髼,鬔
鬔,髼
鬜,鬝
髩,鬢
髩,鬂
髩,鬓
鬂,鬢
鬂,髩
鬂,鬓
鬛,鬣
鬛,㲱
㲱,鬣
㲱,鬛
䦧,鬩
䦧,阋
䰗,鬮
䰗,䦰
䰗,阄
䦰,鬮
䦰,䰗
䦰,阄
鬹,鬶
鬽,魅
鬽,䰨
䰟,魂
魊,䰥
䰥,魊
魛,鱽
魨,鲀
魷,鱿
鮏,鯹
鯹,鮏
鮐,鲐
鮊,鲌
鮁,鲅
鮍,鲏
鮋,鲉
鮣,䲟
鮚,鲒
䱎,䱍
䱎,䱭
䱍,䱎
䱍,䱭
䱭,䱎
䱭,䱍
䲛,鯍
䱈,鮨
鮆,鱭
鮆,鲚
鱭,鮆
鱭,鲚
鮞,鲕
鮦,鲖
鯇,鲩
鯁,鲠
鮌,鯀
鮌,鲧
鯋,鯊
鯋,鲨
鮺,鲝
鮾,鯘
鯘,鮾
䵑,䵒
䵒,䵑
鯕,鲯
鯝,鲴
鯧,鲳
鯧,䱽
鯧,䲝
䱽,䲝
䱽,鯧
䱽,鲳
鯗,鮝
鯗,鲞
鮝,鯗
鮝,鲞
鯯,䱥
鯯,䱨
䱥,鯯
䱥,䱨
鯫,鲰
鮉,鯛
鮉,鲷
鯪,鲮
鯽,鲫
鰂,鲗
鯷,鳀
鰏,鲾
鯿,鳊
鰜,鳒
鰣,鲥
鰠,鳋
鰧,䲍
鰨,鮙
鰨,鳎
鰟,鳑
鰩,鳐
䲁,鳚
鰼,鳛
鱂,鳉
鰷,䱔
鰷,鲦
䱔,鰷
䱔,鲦
鰵,䲄
鰵,鳘
鱅,鳙
鰱,鲢
鰳,鳓
鱖,鳜
鱘,鲟
鱓,䱇
䱇,鱓
鱔,䱧
鱔,鳝
鱤,鳡
鱟,鲎
鱪,鱰
鱰,鱪
鱣,鳣
鱝,鲼
鱯,鳠
鱨,鲿
鱷,鰐
鱷,鳄
魲,鱸
魲,鲈
鱺,鲡
鳲,鸤
鳾,䴓
鴞,鸮
鴝,鸲
鴰,鸹
鵂,鸺
䧻,鴿
䧻,鸽
鴴,鸻
鴯,鸸
鶓,鹋
鶘,鹕
鵃,鸼
鴷,䴕
䳘,鵝
䳘,鹅
䳘,鵞
鵔,鵕
鵕,鵔
鵓,鹁
鵒,鹆
鵪,鶕
鵪,䨄
鵪,鹌
鶕,鵪
鶕,䨄
鶕,鹌
䨄,鵪
䨄,鶕
䨄,鹌
鵷,鹓
鶵,雛
鶵,雏
鶾,𪂂
雞,鶏
雞,鷄
雞,𨿸
鶂,鶃
鶃,鶂
鶊,鹒
鵾,鹍
䧿,鵲
䧿,鹊
鶄,䴖
鵰,雕
鶡,鹖
鶖,鹙
鶒,鷘
鸂,䳶
鸂,㶉
鷘,鶒
鶥,鹛
鷃,䨃
鸎,鴬
鸎,鶯
鸎,鷪
鸎,鸴
鸎,莺
鷊,鹝
鶼,鹣
鶿,鷀
鶿,鹚
鷀,鶿
鷀,鹚
鸕,鸬
鶬,鸧
鷿,鸊
鷿,䴙
鸊,鷿
鸊,䴙
鶹,鹠
鷖,鹥
鷫,鹔
鷚,鹨
鷰,燕
鷰,䴏
鷰,㷼
䴏,燕
䴏,鷰
䴏,㷼
鷴,鷳
鷴,鷼
鷴,鹇
鷳,鷴
鷳,鷼
鷳,鹇
鷥,鸶
鷩,䨆
䴉,䴋
䴉,鹮
䴋,䴉
䴋,鹮
鸃,䴊
䴊,鸃
鸇,鹯
鴼,鷺
鴼,鹭
䴌,鸏
䴌,鹲
鸏,䴌
鸏,鹲
鸓,䴎
鸝,鹂
鹺,鹾
醎,鹹
麏,麇
麏,麕
麖,麠
麠,麖
䴡,麗
䴡,婯
䴡,丽
麄,麁
麄,麤
麬,麩
麬,麸
麬,䴸
䴸,麩
䴸,麸
䴸,麬
麯,麴
麯,麹
麯,粬
麳,𪎌
麷,䵄
䵄,麷
麽,麼
麽,嚒
麽,庅
麽,尛
靣,面
鞃,䩑
鞵,鞋
鞌,鞍
鞖,䪎
䪎,鞖
鞓,䩠
䩠,鞓
鞲,韝
韝,鞲
鞹,鞟
鞟,鞹
鞺,鼞
鼞,鞺
鞽,鞒
韄,䪝
䪝,韄
韤,韈
韉,鞯
韊,䪍
䪍,韊
韌,韧
韍,韨
韔,䩨
䩨,韔
韙,䪘
韙,韪
韗,䩵
韘,弽
弽,韘
韞,鞰
韞,韫
鞱,韜
鞱,韬
韠,鞸
鞸,韠
韣,䪅
韱,韯
韯,韱
响,響
响,響
頇,顸
頎,颀
頊,顼
頦,颏
頟,額
頟,额
頜,颌
頮,颒
頹,頽
頹,颓
頹,頺
頺,頽
頺,頹
頺,颓
頲,颋
頳,赬
頳,䞓
頳,緽
頳,赪
赬,頳
赬,䞓
赬,緽
赬,赪
䫉,貌
䫉,皃
䫉,㒵
頥,頤
頥,顊
頥,颐
顊,頤
顊,頥
顊,颐
顒,颙
顓,颛
顖,囟
顖,䪿
囟,顖
囟,䪿
䪿,囟
䪿,顖
顙,䫙
顙,颡
䫙,顙
䫙,颡
傎,顛
傎,顚
傎,㒹
傎,颠
顢,颟
顥,颢
顬,䫱
顬,颥
髗,顱
髗,颅
凬,風
凬,凮
凬,飌
凬,风
凬,凨
凮,風
凮,凬
凮,飌
凮,风
凮,凨
飌,風
飌,凬
飌,凮
飌,风
飌,凨
䬃,颯
䬃,飒
颭,飐
颮,飑
颸,飔
颺,䬗
颺,飏
颼,䬒
颼,飕
䬒,颼
䬒,飕
颿,䬚
颻,䬙
颻,飖
䬙,颻
䬙,飖
飇,飆
飇,飙
飇,飈
飇,飚
飇,飊
飈,飚
飈,飆
飈,飙
飈,飇
飈,飊
飅,飀
飅,飗
飀,飅
飀,飗
飣,饤
飧,飱
飱,飧
飥,饦
㱃,飲
㱃,飮
㱃,淾
㱃,饮
飪,餁
飪,饪
飪,㶵
餁,飪
餁,饪
餁,㶵
飰,飯
飰,飯
飰,饭
飤,飼
飤,飼
飤,饲
餈,䭣
䭣,餈
养,養
养,羪
湌,餐
湌,飡
飡,餐
飡,湌
餕,馂
餖,饾
餑,饽
餜,馃
餛,馄
䬻,餞
䬻,饯
餳,饧
餼,饩
餺,䬪
餺,馎
饁,馌
饈,馐
饊,馓
饊,糤
饜,餍
饞,馋
聝,馘
釔,钇
釓,钆
釚,䤛
釗,钊
釙,钋
釕,钌
釬,銲
銲,釬
釰,剣
釰,劍
釰,劎
釰,劔
釰,劒
釰,剱
釰,釼
釰,𠝏
釰,剑
釤,钐
釹,钕
釱,鉪
釷,钍
釩,钒
鈥,钬
鈣,钙
鈐,钤
鈧,钪
鈒,钑
鈦,钛
鈄,钭
鈀,钯
鈈,钚
鈁,钫
鈳,钶
鈺,钰
鉀,钾
鈰,铈
鉥,錰
錰,鉥
鉎,鍟
鍟,鉎
鉭,钽
鈾,铀
鈮,铌
鉕,钷
鉑,铂
盋,𥁊
缽,鉢
缽,钵
鈸,钹
鈹,铍
鉍,铋
鉬,钼
銨,铵
銥,铱
銦,铟
鉻,铬
㘅,銜
㘅,啣
㘅,衘
㘅,衔
衘,銜
衘,啣
衘,㘅
衘,衔
銎,𨥲
鉶,铏
銒,鈃
銒,钘
鈃,銒
鈃,钘
鉸,铰
鉿,铪
鉺,铒
銣,铷
銫,铯
銍,铚
銩,铥
銪,铕
銠,铑
銳,鋭
銳,锐
鋨,锇
銽,銛
銽,铦
鋙,铻
鋦,锔
鋯,锆
銼,锉
鋅,锌
鋟,锓
鋮,铖
鋌,铤
銻,锑
鋥,锃
鋱,铽
鋇,钡
鏠,鋒
鏠,锋
鏠,鎽
釯,鋩
釯,铓
鋣,鎁
鋣,铘
鎁,鋣
鎁,铘
鋰,锂
鋁,铝
鋝,锊
鋃,锒
錒,锕
錁,锞
錡,锜
錤,䥓
䥓,錤
錈,锩
錕,锟
錩,锠
錟,锬
鍀,锝
錇,锫
錇,鉳
錳,锰
鍆,钔
錸,铼
鎄,锿
鎄,鑀
鍈,锳
鍇,锴
鍰,锾
鍥,锲
鍘,铡
鍿,錙
鍿,锱
鍫,鍬
鍫,锹
鍶,锶
鍺,锗
鍩,锘
鎂,镁
鎇,镅
鍑,鍢
鍢,鍑
鍪,䥐
鍚,钖
鎢,钨
鎣,蓥
鎵,镓
鎳,镍
鎻,鎖
鎻,鏁
鎻,锁
鏁,鎖
鏁,鎻
鏁,锁
鎡,镃
鎪,䤹
鎪,锼
䤹,鎪
䤹,锼
鎒,鐞
鎿,镎
鎿,錼
鎛,镈
鎊,镑
鎦,鐂
鎦,镏
鐂,鎦
鐂,镏
鎘,镉
鐮,鎌
鐮,镰
鐮,䥥
䥝,鏖
鏹,镪
鎩,铩
鏟,𨩱
鏟,铲
鏇,镟
鏓,鍯
鍯,鏓
鏜,镗
鏌,镆
鏢,镖
鏞,銿
鏞,镛
銿,鏞
銿,镛
鏍,镙
鏵,铧
鐦,锎
鐗,鐧
鐗,锏
鐧,鐗
鐧,锏
鏸,𨫍
鐝,镢
鐜,鐓
鐜,镦
鏺,䥽
鐨,镄
鐠,镨
鏷,镤
鐒,铹
鐿,镱
鎸,鐫
鎸,镌
鐲,镯
錽,鑁
鐳,镭
鑊,镬
鑌,镔
鍳,鑑
鍳,鑒
鍳,鑬
鍳,鉴
鑕,锧
鑣,䮽
鑣,镳
䮽,鑣
䮽,镳
鑥,镥
鑱,䤫
鑱,镵
鑲,镶
鑮,䥬
鑭,钄
鑭,镧
钄,鑭
钄,镧
鑹,镩
钂,镋
镸,長
镸,兏
镸,长
镸,仧
兏,長
兏,镸
兏,长
兏,仧
閈,闬
閒,間
閒,间
閎,闳
閌,闶
閡,阂
闗,関
闗,關
閩,闽
閱,閲
閱,阅
閫,阃
閬,阆
閆,閻
閆,阎
閆,闫
剦,閹
剦,阉
閽,阍
閶,阊
閿,閺
閿,阌
閺,閿
閺,阌
闈,闱
閴,闃
閴,阒
闋,阕
闓,闿
闐,阗
鬭,闘
鬭,鬪
鬭,鬬
鬭,鬦
鬭,閗
鬦,闘
鬦,鬪
鬦,鬭
鬦,鬬
鬦,閗
閗,闘
閗,鬪
閗,鬭
閗,鬬
閗,鬦
闒,阘
闠,阓
闞,阚
闤,阛
阱,㘫
阱,汬
㘫,阱
㘫,汬
阸,阨
阼,䟭
陘,陉
夅,降
阩,陞
徏,陟
侌,陰
侌,阴
侌,阥
侌,隂
阴,陰
阴,侌
阴,阥
阴,隂
阥,陰
阥,侌
阥,阴
阥,隂
隂,陰
隂,侌
隂,阴
隂,阥
陴,隦
隦,陴
陻,䧣
堦,階
堦,阶
隉,陧
隄,䧑
䧑,隄
阳,陽
阳,𬯆
阳,阦
阳,霷
阦,陽
阦,𬯆
阦,阳
阦,霷
隟,隙
䧢,𨸟
隤,䣒
厸,隣
厸,鄰
厸,邻
隯,陦
隺,寉
僱,雇
雧,集
雧,𠍱
雧,雦
䧺,雄
隽,雋
鴙,雉
雝,雍
䳄,雌
雔,㘜
巂,雟
巂,嶲
雟,巂
雟,嶲
嶲,巂
嶲,雟
䨮,雪
雱,霶
霶,雱
靁,雷
靁,壨
靁,䨓
䨩,霊
䨩,靈
䨩,霛
䨩,㚑
䨩,灵
霛,霊
霛,靈
霛,䨩
霛,㚑
霛,灵
㚑,霊
㚑,靈
㚑,䨩
㚑,霛
㚑,灵
灵,霊
灵,靈
灵,䨩
灵,霛
灵,㚑
霒,霠
霠,霒
䬠,霏
霢,霡
霢,䨫
霡,霢
霡,䨫
霚,霧
霚,雾
靊,霻
霻,靊
靚,靓
卧,臥
覍,㝸
䂓,規
䂓,规
䂓,槼
䂓,椝
槼,椝
槼,規
槼,规
槼,䂓
眎,视
眎,視
眎,視
覔,覓
覔,觅
覐,覚
覐,觉
覐,覺
覐,斍
覥,觍
覰,覻
覰,覷
覰,䁦
覰,觑
覻,覰
覻,覷
覻,䁦
覻,觑
覵,覸
覸,覵
覷,覰
覷,覻
覷,䁦
覷,觑
觥,觵
觵,觥
觶,觗
觶,觯
觗,觶
觗,觯
觿,觹
觿,觽
觹,觿
觹,觽
觽,觿
觽,觹
訒,讱
訕,讪
訩,詾
訩,讻
詾,訩
詾,讻
訢,䜣
訤,誵
訫,信
訫,孞
訫,㐰
詍,䛖
詎,讵
詘,诎
詗,诇
詀,䛸
呧,詆
呧,诋
詖,诐
詿,诖
誆,诓
詡,诩
訽,詬
訽,诟
詤,謊
詤,谎
謊,詤
謊,谎
訾,訿
訿,訾
詵,诜
䛡,話
䛡,话
誒,诶
說,説
說,说
竩,誼
竩,谊
誾,訚
諉,诿
誯,唱
諗,谂
誶,谇
諑,诼
讇,諂
讇,谄
諼,谖
諝,谞
諶,谌
䛕,諛
䛕,谀
謑,䜁
䜁,謑
謅,诌
謷,謸
謸,謷
䜘,警
譙,谯
譍,噟
譅,䜧
譸,诪
讅,谉
譾,謭
譾,谫
謭,譾
謭,谫
讁,謫
讁,谪
讏,讆
讋,詟
䜛,讒
䜛,谗
䜟,讖
䜟,谶
讕,譋
讕,谰
譋,讕
譋,谰
讞,谳
讜,譡
讜,谠
讟,㾄
豅,𧯇
豉,䜵
豉,䜻
豑,豒
豘,豚
豘,㞘
豣,豜
豣,猏
豜,豣
豜,猏
猏,豣
猏,豜
豭,猳
猳,豭
豲,䝠
䝠,豲
豶,豮
豻,貋
豻,犴
貋,豻
貋,犴
犴,豻
犴,貋
鼦,貂
貈,貉
貈,狢
貃,貊
㒵,貌
㒵,皃
㒵,䫉
貒,猯
貓,猫
貙,䝙
貛,䝔
䝔,貛
䝿,貴
䝿,贵
貺,贶
賅,赅
賕,赇
賖,賒
賖,赊
賒,賖
賒,赊
賡,赓
儨,質
儨,貭
儨,质
賙,赒
賫,賷
賫,赍
賷,賫
賷,赍
賧,赕
賬,账
賔,賓
賔,賓
賔,宾
贒,賢
贒,贤
贒,䝨
賰,䞐
賵,赗
贗,贋
贗,赝
賾,赜
賮,贐
賮,䝲
賮,赆
贛,贑
贛,赣
贑,贛
贑,赣
䞓,頳
䞓,赬
䞓,緽
䞓,赪
趂,趁
趑,趦
趑,䠖
趦,趑
趦,䠖
䠖,趑
䠖,趦
趲,趱
趻,踸
踸,趻
跔,㣘
跈,䟢
䟦,跋
跬,䞨
䞨,跬
跥,跺
踳,蝽
踳,堾
蹏,蹄
蹋,躢
躢,蹋
䠞,蹙
蹻,勪
勪,蹻
蹺,跷
蹷,蹶
蹵,蹴
蹩,䠥
䠥,蹩
躂,跶
䠱,躅
躉,趸
踌,躊
躚,蹮
躚,跹
蹮,躚
蹮,跹
躕,蹰
躕,䟞
蹰,躕
蹰,䟞
躒,跞
躛,躗
躳,躬
躲,躱
軂,躼
䡄,軌
䡄,轨
軎,𨊥
軏,䡇
䡇,軏
軔,轫
軑,轪
軑,軚
軝,䡋
輭,軟
輭,软
軶,軛
軶,轭
軹,轵
軺,轺
軬,輽
軨,䡼
䡼,軨
䡈,較
䡈,较
輇,辁
輈,辀
輥,辊
輧,軿
軿,輧
輞,辋
輬,辌
輺,輜
輺,辎
輶,輏
輏,輶
轝,輿
轝,舆
轊,䡺
轔,辚
䡎,轤
䡎,轳
辝,辞
辝,辭
辝,辤
辤,辞
辤,辭
辤,辝
辢,辣
辦,办
辳,農
辳,䢉
辳,欁
辳,农
䢉,農
䢉,辳
䢉,欁
䢉,农
辶,辶
辶,辶
迃,迂
达,迖
迊,匝
迊,帀
迤,迆
迆,迤
逈,迥
逈,䢛
逈,㢠
䢛,迥
䢛,逈
䢛,㢠
廹,迫
这,這
艁,造
艁,䒃
逷,逖
过,過
遟,遅
遟,遲
遟,迟
衜,道
衜,衟
衟,道
衟,衜
㳄,涎
迁,遷
迁,拪
迁,䢬
拪,遷
拪,迁
拪,䢬
遴,䢯
还,還
邐,逦
邛,卭
卭,邛
邢,郉
郉,邢
邠,㟗
邽,郌
郌,邽
郒,郎
郒,郞
郄,郤
郟,郏
䣊,䣣
郶,部
鄆,郓
鄖,䢵
鄖,郧
䢵,鄖
䢵,郧
鄔,邬
鄗,䧚
鄡,郻
鄟,䧠
郑,鄭
鄶,郐
鄴,邺
鄺,邝
酆,鄷
鄷,酆
酇,鄼
酇,酂
鄼,酇
鄼,酂
酈,郦
丣,酉
酙,斟
酙,㪸
酙,㘰
酧,酬
酧,醻
醻,酬
醻,酧
醕,醇
醕,䣩
醕,䣨
䣩,醇
䣩,醕
䣩,䣨
醞,醖
醞,酝
䤈,醯
醾,釄
醾,醿
釄,醾
釄,醿
醿,釄
醿,醾
舋,釁
釃,酾
釅,酽
壄,野
壄,埜
壄,㙒
壄,𡌛
㙒,野
㙒,埜
㙒,壄
㙒,𡌛
㗛,笑
䈔,笳
笮,䇥
笭,䉖
筇,笻
笻,筇
荕,筋
荕,䈥
萗,策
栰,筏
笔,筆
笟,箍
篪,竾
篪,䶵
竾,篪
竾,䶵
䶵,篪
䶵,竾
筭,算
䇳,箋
䇳,笺
箑,䈉
䈉,箑
䈇,箌
匧,篋
匧,箧
箬,篛
篛,箬
篔,筼
篔,䉙
篙,㰏
㰏,篙
籭,篩
籭,筛
䔍,篤
䔍,笃
簋,㔳
簋,𣪘
筿,篠
筿,筱
筿,𥴽
簱,籏
簠,盙
簠,㝬
盙,簠
盙,㝬
㝬,簠
㝬,盙
簘,簫
簘,箫
簘,𪛕
簹,筜
簬,簵
簵,簬
筹,籌
籅,𥫣
䉤,籔
籓,䉒
籞,篽
篽,籞
籛,篯
籜,箨
籢,匳
籢,奩
籢,匲
籢,奁
匲,匳
匲,奩
匲,籢
匲,奁
籩,笾
籮,箩
籯,籝
籝,籯
粣,𥹤
秶,粢
糚,粧
稉,粳
稉,秔
糉,粽
糉,糭
糛,糖
糛,𥹥
糛,𥼽
粇,糠
糝,糁
糥,糯
糥,穤
糥,稬
穤,糯
穤,糥
穤,稬
稬,糯
稬,糥
稬,穤
糱,糵
糵,糱
籴,糴
粜,糶
糷,𥽭
糷,𥻂
䊸,紆
䊸,纡
紈,纨
紇,纥
紉,纫
紓,䋡
紓,纾
紝,絍
紝,纴
絍,紝
絍,纴
紖,纼
絇,䋧
紥,紮
絀,绌
紱,绂
紼,绋
絝,绔
絕,絶
絕,绝
絰,绖
綂,統
綂,统
㡭,継
㡭,繼
㡭,继
綌,绤
綋,紘
綋,纮
綆,䋁
綆,䌄
綆,绠
綃,绡
縧,絛
縧,绦
綈,绨
綁,绑
綦,綨
綨,綦
緄,绲
綷,紣
紣,綷
緀,紪
紪,緀
緫,総
緫,總
緫,摠
緫,揔
緫,捴
緫,总
緫,搃
摠,総
摠,總
摠,緫
摠,揔
摠,捴
摠,总
摠,搃
揔,総
揔,總
揔,緫
揔,摠
揔,捴
揔,总
揔,搃
捴,総
捴,總
捴,緫
捴,摠
捴,揔
捴,总
捴,搃
綞,缍
綹,绺
緙,缂
緱,缑
緪,絚
絚,緪
緦,缌
緗,缃
緹,缇
縀,緞
縀,缎
緍,緡
緍,缗
緶,缏
縕,緼
縕,缊
緼,縕
緼,缊
縈,萦
縑,缣
縗,缞
縉,縉
縉,缙
縝,缜
縐,䋓
縐,绉
䋣,繁
䋣,繁
䋣,緐
繅,缫
縶,絷
縳,䌸
綳,繃
綳,绷
綳,䙀
縭,缡
纝,縲
纝,缧
繢,缋
絸,繭
絸,蠒
蠒,繭
蠒,絸
繒,缯
繮,缰
繯,缳
繳,缴
繸,䍁
纁,䙧
䙧,纁
繾,缱
纊,絋
纊,纩
纇,颣
䋝,纓
䋝,缨
䌫,纜
䌫,缆
甖,罌
甖,甇
甖,罂
甇,罌
甇,甖
甇,罂
䍐,罕
罭,䍞
辠,罪
罶,羀
羀,罶
覉,羇
羋,芈
芈,羋
羗,羌
羗,猐
羑,羐
羐,羑
羕,𦍛
羕,𣴎
羪,養
羪,养
羴,羶
翄,翅
翄,翤
翬,翚
翥,䬡
翥,䎝
䬡,翥
䬡,䎝
翺,翱
翺,翶
翱,翺
翱,翶
翶,翺
翶,翱
翽,翙
耇,耈
耈,耇
耊,耋
䎱,耙
䎱,䎬
槈,耨
槈,䅶
耬,耧
耮,耢
躭,耽
耼,聃
聃,耼
聦,聡
聦,聰
聦,聪
聵,聩
聀,職
聀,軄
聀,职
軄,職
軄,聀
軄,职
肈,肇
㬰,臾
㫪,舂
㫪,𣇃
舃,舄
舄,舃
䑛,舐
䑛,舓
舓,舐
舓,䑛
舔,㖭
䑨,舵
䑨,柁
艣,艪
囏,艱
囏,艰
豓,艶
豓,艷
豓,豔
豓,𧰟
豓,艳
豔,艶
豔,艷
豔,豓
豔,𧰟
豔,艳
艹,艹
艹,艹
艹,艹
艹,艹
艹,艹
艹,艹
芲,花
偀,英
菭,苔
苕,萔
苨,䕥
茥,蓕
荇,莕
荇,䓷
莕,荇
莕,䓷
茊,茲
茊,兹
茊,𦱳
兹,茲
兹,茊
兹,𦱳
㽵,荘
㽵,莊
荔,茘
蕐,華
蕐,华
华,華
华,蕐
莧,苋
荚,莢
荾,䒘
蔐,荻
蔐,藡
藡,荻
藡,蔐
莔,𦯶
蒞,莅
葊,菴
菡,䓿
䓿,菡
蘜,菊
蓳,菫
菹,葅
葅,菹
莾,莽
䔖,菱
䔖,蔆
萲,萱
萲,蕿
萲,藼
萲,蘐
蕿,萱
蕿,萲
蕿,藼
蕿,蘐
藼,萱
藼,萲
藼,蕿
藼,蘐
蘐,萱
蘐,萲
蘐,蕿
蘐,藼
葒,荭
葘,菑
菑,葘
葰,䕑
葠,蓡
蓡,葠
塟,葬
葤,荮
茰,萸
蒦,彠
蒦,彟
蒓,莼
蒨,蔳
蔳,蒨
蓀,䕖
蓀,荪
䕃,蔭
䕃,𦹥
䕃,荫
䕃,𨼲
蓲,䓵
蓯,苁
蔥,葱
蔥,䓗
蓨,蓚
蓽,荜
薎,蔑
蔞,蒌
蔿,蒍
蕑,蕳
蕳,蕑
蕢,䕚
蕢,蒉
橓,蕣
蕆,蒇
蕒,荬
蔾,䔧
薌,芗
蘍,薫
蘍,薰
䔥,蕭
䔥,萧
薓,蔘
薘,荙
薟,莶
藳,藁
蕯,薩
蕯,萨
藎,荩
萕,薺
萕,荠
薸,䕯
藭,䓖
䕨,藤
藟,蘽
蘽,藟
蘄,蕲
薻,藻
蘀,萚
薲,蘋
藶,苈
蘞,蔹
蘞,蘝
蘺,蓠
虈,䖀
䖀,虈
蘒,蘒
蘒,蘒
虝,虎
虝,乕
虗,虚
虗,虛
䖝,虫
䖝,蟲
虯,虬
虬,虯
蚖,䖠
蝅,蚕
蝅,蠶
蝅,蠺
蝅,䗞
蠺,蚕
蠺,蠶
蠺,蝅
蠺,䗞
蚦,蚺
蚺,蚦
蚡,蚠
蚠,蚡
蚉,蚊
蚉,蟁
蚉,螡
蟁,蚊
蟁,蚉
蟁,螡
蜯,蚌
蜯,䖫
虵,蛇
蛗,䘀
蛗,𧑉
蛗,𧒂
䘀,蛗
䘀,𧑉
䘀,𧒂
蛧,蝄
蛧,䰣
蝄,蛧
蝄,䰣
䖸,蛾
蛺,蛱
蜄,蜃
蠭,蜂
蠭,䗬
䗬,蜂
䗬,蠭
䖤,蜿
䖤,䗕
蜢,鯭
螄,蛳
螋,䗏
螞,蚂
蟈,蝈
螿,螀
螀,螿
螮,䗖
蟎,螨
蝼,螻
蟖,蟴
蟴,蟖
蟛,蟚
蟚,蟛
蠁,䖮
蠁,蚃
䖮,蠁
䖮,蚃
蠆,䘍
蠆,虿
蠐,蛴
蠇,蠣
蠇,蛎
蠛,䘊
蟸,蠡
䗶,蝋
䗶,蠟
䘌,𧏾
蠨,蟰
蠨,蟏
蟰,蠨
蟰,蟏
螙,蠹
螙,蠧
䘐,衄
䘐,衂
眾,衆
裊,袅
褁,裹
裵,裴
褎,褏
褏,褎
㐮,襄
衻,袡
袡,衻
袽,䘫
裠,裙
裠,帬
帬,裙
帬,裠
躶,裸
躶,𧝹
褘,袆
裩,褌
裩,裈
褲,裤
褛,褸
襏,袯
䘳,襟
襬,䙓
襽,襴
襽,襕
襻,鑻
卥,西
卥,卤
卥,㢴
玗,㺮
玨,珏
珏,玨
玫,㺳
珌,㻫
㻫,珌
珉,瑉
珉,碈
珉,䃉
瑉,珉
瑉,碈
瑉,䃉
琊,瑘
珡,琴
珡,琹
珡,䥅
珡,䥆
珡,䦦
琹,琴
琹,珡
琹,䥅
琹,䥆
琹,䦦
珐,琺
瑋,玮
瑒,玚
瓌,瑰
瓌,璝
琑,瑣
琑,琐
瑲,玱
璊,㻊
璉,琏
璣,㼄
璣,玑
璡,琎
璦,瑷
璯,㻅
璨,㻮
璫,珰
琼,瓊
壐,璽
壐,玺
玺,璽
玺,壐
璿,䥧
璸,瑸
璵,玙
瓚,瓉
瓚,瓒
瓉,瓚
瓉,瓒
甆,瓷
甆,珁
瓺,𤭖
瓯,甌
䰝,甑
甛,甜
甛,䑚
甯,寗
寗,甯
侽,男
畵,画
畵,畫
畀,畁
畁,畀
畎,甽
甽,畎
畗,畣
畣,畗
畒,畝
畒,畆
畒,畞
畒,㽗
畒,畮
畒,𤰖
畒,亩
畞,畝
畞,畆
畞,畒
畞,㽗
畞,畮
畞,𤰖
畞,亩
㽗,畝
㽗,畆
㽗,畒
㽗,畞
㽗,畮
㽗,𤰖
㽗,亩
畮,畝
畮,畆
畮,畒
畮,畞
畮,㽗
畮,𤰖
畮,亩
奙,畚
畱,留
畱,畄
畱,㽞
㽞,留
㽞,畄
㽞,畱
叠,畳
叠,疊
叠,疂
叠,疉
叠,曡
曡,畳
曡,疊
曡,疂
曡,疉
曡,叠
畽,䵯
畺,疆
畺,壃
畺,疅
壃,疆
壃,畺
壃,疅
疅,疆
疅,畺
疅,壃
䟽,疏
疐,㚄
㿍,疥
痎,㾬
㾬,痎
脴,痞
瘂,痖
疩,瘁
瘓,痪
瘝,癏
瘞,瘗
瘙,㿋
癅,瘤
瘲,疭
瘮,瘆
瘘,瘻
癎,癇
癎,痫
癉,瘅
㾱,癈
癍,㿀
㿀,癍
疠,癘
癟,瘪
癟,㿜
癤,疖
癥,㿂
癮,瘾
癭,瘿
癕,癰
癕,㿈
癕,痈
癱,瘫
皁,皂
皂,皁
旳,的
臯,皐
臯,皋
賋,皎
晥,皖
皝,皩
皡,皞
皡,皥
皡,暭
皡,暤
皡,曍
皞,皡
皞,皥
皞,暭
皞,暤
皞,曍
皥,皡
皥,皞
皥,暭
皥,暤
皥,曍
暭,皡
暭,皞
暭,皥
暭,暤
暭,曍
暤,皡
暤,皞
暤,皥
暤,暭
暤,曍
䶌,皰
盁,盈
盎,㼜
㼜,盎
昷,𥁕
盇,盍
盦,盫
泴,盥
睂,眉
䀎,眄
䀢,䀵
䀵,䀢
眴,䀏
䀏,眴
眽,眿
眿,眽
眯,眫
睜,睁
睤,睥
睤,䁹
睞,睐
瞏,睘
瞏,𦊷
睘,瞏
睘,𦊷
瞢,矒
矒,瞢
瞯,瞷
瞷,瞯
瞩,矚
矤,矧
榘,矩
矴,磸
磇,砒
砝,䂲
砣,砤
硤,硖
硜,硁
硨,砗
碊,𥒎
礠,磁
碭,砀
碸,砜
磕,礚
礚,磕
碽,䂵
磣,硶
磣,碜
䃺,磨
磠,硵
礀,磵
磵,礀
䃯,礫
䃯,砾
礮,礟
礟,礮
礱,礲
礱,砻
礲,礱
礲,砻
禩,祀
祅,䄏
祩,秼
秼,祩
禕,祎
旤,禍
旤,禍
旤,䄀
旤,祸
禘,祶
禡,祃
禼,卨
卨,禼
秆,稈
秈,䄽
秔,粳
秔,稉
秌,秋
秌,龝
秌,穐
䬴,秣
稛,稇
稇,稛
糓,穀
糓,穀
稴,䆂
稺,稚
稺,穉
稺,䄺
稺,䆈
穇,䅟
穌,稣
穠,秾
穪,称
穪,稱
穭,穞
宆,穹
窻,窓
窻,窗
窻,䆫
窻,牕
窻,牎
䆫,窓
䆫,窗
䆫,窻
䆫,牕
䆫,牎
牕,窓
牕,窗
牕,窻
牕,䆫
牕,牎
牎,窓
牎,窗
牎,窻
牎,䆫
牎,牕
漥,窪
竆,窮
竆,穷
窑,窯
窑,窰
窵,窎
灶,竈
灶,竃
灶,䆴
灶,𥧄
䆴,竈
䆴,竃
䆴,灶
䆴,𥧄
㣼,忍
㤁,忝
忞,忟
忟,忞
㤂,急
恖,思
忩,怱
忩,悤
㤗,泰
㤗,𣳾
㤬,恚
僡,恵
僡,惠
僫,悪
僫,惡
僫,恶
僫,𢙣
悹,悺
悺,悹
惎,㥍
㥃,悶
㥃,闷
㤅,愛
㤅,爱
爱,愛
爱,㤅
諐,愆
㤵,慈
慤,愨
慤,悫
慁,㥵
惥,慂
慼,慽
慽,慼
慸,㦅
㦅,慸
憘,憙
憗,憖
憗,慭
憝,憞
憞,憝
慿,憑
懕,㦔
懕,懨
懕,恹
㦔,懕
㦔,懨
㦔,恹
懨,懕
懨,㦔
懨,恹
懟,怼
㦛,懙
懙,㦛
㦤,懿
㦤,㦉
㦤,㱅
戇,戆
戇,戅
戅,戇
戅,戆
怍,㤰
㤰,怍
怗,㤐
㤐,怗
悑,怖
愙,恪
愙,㤩
愙,愘
㤩,恪
㤩,愙
㤩,愘
愘,恪
愘,愙
愘,㤩
忷,恟
䘏,恤
䘏,卹
䘏,賉
恱,悦
恱,悅
猂,悍
忢,悟
悞,悮
愂,悖
悀,愑
悀,愹
愑,悀
愑,愹
愹,悀
愹,愑
恡,悋
惛,惽
惽,惛
惝,㒉
恓,悽
惕,惖
㥏,睓
㥫,惇
悱,㥱
㥱,悱
恲,㤣
㤣,恲
惲,恽
㦍,愕
愜,㥦
愜,惬
㥦,愜
㥦,惬
憁,愡
憜,惰
愠,慍
慨,慨
愷,恺
媿,愧
慉,槒
㥮,㤘
慬,懄
慠,㥿
慺,㥪
憒,愦
憍,㤭
憯,㦧
㦧,憯
惮,憚
㤇,懊
懔,懍
懧,懦
懧,㐡
懤,㤽
懤,㦞
愳,懼
㦯,或
㦸,戟
戣,鍨
戩,戬
戬,戩
戱,戯
戱,戲
戱,戏
户,戸
户,戶
扅,㦾
挲,挱
挱,挲
掔,孯
掔,㧛
孯,掔
孯,㧛
㩃,搴
擵,摩
擎,㢣
㢣,擎
擪,擫
擫,擪
擥,㩜
擥,㨫
㩜,擥
㩜,㨫
摃,扛
㪿,折
㧞,抜
㧞,拔
㧖,扼
㨯,拡
㨯,擴
㨯,扩
㩀,拠
㩀,據
㩀,㨿
抅,拘
拕,拖
拖,拕
抦,㨀
胟,拇
拎,㩕
拽,捙
捙,拽
抍,拯
挘,毟
挘,毮
摉,捜
摉,搜
揷,挿
揷,插
挩,捝
揑,捏
捊,抙
抙,捊
掗,挜
掆,㧏
擑,接
掙,挣
掄,抡
撘,搭
搉,㩁
擕,携
擕,攜
擕,㩦
擕,㩗
搒,挷
摜,掼
摳,抠
摻,掺
摐,㧿
摛,攡
攡,摛
摽,𢹰
摟,搂
撝,㧑
撟,挢
撳,搇
撳,揿
撏,挦
撣,掸
撐,撑
撑,撐
撇,撆
擄,掳
㨔,撼
撿,𢮦
撿,捡
撡,操
撾,挝
擋,挡
攂,擂
擰,拧
擷,撷
擷,㩪
擻,擞
攄,摅
攊,擽
攊,㧰
攈,攟
攟,攈
攏,拢
攖,撄
撄,攖
攙,搀
攕,㩥
攔,拦
㩮,攑
攑,㩮
攛,撺
㩳,㧐
爴,攫
爴,㸕
敉,侎
侎,敉
勄,敏
勄,敏
敓,敚
贁,敗
贁,败
敠,敪
㪟,敦
㪣,敲
敽,敿
敿,敽
斁,歝
歝,斁
斅,敩
斅,斆
敩,斅
敩,斆
辬,斑
斕,斓
斝,斚
斝,䑝
斚,斝
斚,䑝
㡿,斥
斲,斵
斲,𠠇
斵,斲
斵,𠠇
扵,於
旜,旃
旜,㫋
斾,旆
捛,旅
捛,挔
旍,旌
旊,瓬
瓬,旊
旈,旒
旖,旑
旣,既
旣,既
既,既
既,旣
㫖,旨
昖,㫟
㫟,昖
昻,昂
昦,昊
昒,㫚
㫚,昒
昬,昏
曻,昇
曻,陹
昉,昘
昘,昉
朙,明
旾,春
旾,萅
萅,春
萅,旾
曐,星
曐,皨
曐,㽮
皨,星
皨,曐
皨,㽮
㫤,昶
昺,昞
昞,昺
兤,晃
兤,晄
时,時
时,旹
旹,時
旹,时
㬜,晋
㬜,晉
晠,晟
皢,暁
皢,曉
皢,晓
暒,晴
暒,晴
暜,普
暍,㬞
㬉,暖
暋,敯
㬥,暴
㬥,㫧
曌,瞾
瞾,曌
曈,晍
曅,曄
曅,曗
曅,晔
曣,㬫
㬢,曦
曨,昽
曬,晒
㪅,更
曺,曹
㬅,曼
冣,最
冣,㝡
㝡,最
㝡,冣
㬱,替
肸,肹
肹,肸
肎,肻
肻,肎
厷,肱
餚,肴
胑,肢
孡,胎
孡,囼
胣,肔
肔,胣
伷,胄
肧,胚
胷,胸
脋,脅
脋,胁
脋,𦚰
䏮,脇
䏮,𦚰
脃,脆
胮,膖
膖,胮
衇,脈
衇,脉
腳,脚
腳,踋
踋,脚
踋,腳
脤,祳
祳,脤
匘,脳
匘,腦
匘,脑
朢,望
朜,㬿
㬿,朜
腗,脾
䯛,腕
腭,齶
腭,㗁
腡,脶
䐢,䐍
骽,腿
髈,膀
膐,膂
膋,䒿
䐴,䏗
厀,膝
膞,䏝
肤,膚
饍,膳
㸋,膰
臇,䐪
䐪,臇
肊,臆
脍,膾
臋,臀
胭,臙
臞,爠
术,朮
朵,朶
朵,䒳
䒳,朶
䒳,朵
杇,𣏓
徕,来
徕,來
枀,松
枀,枩
枀,柗
枀,梥
枀,㮤
枀,庺
柗,松
柗,枩
柗,枀
柗,梥
柗,㮤
柗,庺
梥,松
梥,枩
梥,枀
梥,柗
梥,㮤
梥,庺
㮤,松
㮤,枩
㮤,枀
㮤,柗
㮤,梥
㮤,庺
杶,櫄
杶,𣝙
桮,杯
桮,盃
桮,㮎
㮎,杯
㮎,盃
㮎,桮
杮,𣏕
荣,栄
荣,榮
枻,栧
栧,枻
栐,柡
柡,栐
匛,柩
柙,㘡
栅,柵
柹,柿
柹,枾
枲,䢄
柒,㭍
柷,拀
柟,枏
枏,柟
棅,柄
枼,枽
枽,枼
桺,𫞉
桺,柳
桺,栁
桺,桞
桺,橮
栁,柳
栁,桺
栁,𫞉
栁,桞
栁,橮
栯,㮋
栝,桰
桰,栝
㮵,栴
桒,桑
桒,𥸮
桌,槕
槕,桌
槑,梅
槑,梅
槑,楳
㮚,栗
㮚,𣡼
栳,䇭
䲷,梟
䲷,鴵
䲷,枭
梘,枧
棞,梱
榟,梓
栀,梔
桼,㯃
㯃,桼
梐,㯇
棃,梨
棃,梸
梸,梨
梸,棃
檱,棋
檱,棊
檱,㯦
檱,櫀
㯰,植
捿,棲
棖,枨
棶,梾
檝,楫
檝,艥
艥,楫
艥,檝
楶,㮞
㮞,楶
楤,樬
樬,楤
㯐,楕
㯐,橢
㯐,椭
㯐,㰐
㮏,㮈
㮈,㮏
柠,楮
楨,桢
枆,楙
枆,㮊
枆,柕
㭨,椰
槪,概
槪,槩
槪,㮣
槩,概
槩,槪
槩,㮣
槏,榦
榦,槏
槀,槁
榫,㔼
樼,榛
樼,㰉
桘,槌
橊,榴
槶,椢
槵,梙
梙,槵
权,権
权,權
橰,槹
橰,槔
樧,榝
槳,㯍
槳,䒂
槳,桨
㯍,槳
㯍,䒂
㯍,桨
槮,椮
槥,櫘
樕,㯈
樁,桩
桩,樁
榓,樒
榓,櫁
槱,梄
槱,禉
梄,槱
梄,禉
樑,梁
樑,鿄
橌,橺
橺,橌
槗,橋
槗,𣘺
槗,桥
橛,橜
橜,橛
樳,桪
樿,椫
橐,槖
槖,橐
橱,櫥
橱,櫉
櫥,橱
櫥,櫉
櫉,橱
櫉,櫥
橁,槆
槆,橁
檏,樸
檃,櫽
櫽,檃
檟,槚
㯳,檠
檆,杉
樯,檣
檇,槜
檇,㰎
槜,檇
槜,㰎
㰎,檇
㰎,槜
檔,档
檘,檗
檘,蘗
檁,檩
檩,檁
櫝,椟
樐,櫓
樐,㯭
樐,橹
㯭,櫓
㯭,樐
㯭,橹
櫧,槠
櫬,藽
櫬,榇
櫳,槞
櫳,㰍
櫳,栊
㰍,槞
㰍,櫳
㰍,栊
欞,櫺
欞,㯪
欞,棂
﨔,欅
﨔,櫸
﨔,榉
欑,櫕
櫕,欑
欏,椤
栾,欒
欛,𣠽
儳,𠋂
厲,厉
厉,厲
喑,噾
噦,哕
噯,嗳
壎,塤
壎,埙
壎,坃
壎,壦
塤,埙
塤,壎
塤,坃
塤,壦
孒,孓
牖,牗
牗,牖
獮,狝
孼,孽
孽,孼
仐,傘
仐,伞
㠯,以
仡,㐹
仝,同
仯,仦
㒰,全
傠,伐
丢,丟
丢,厾
蒍,蔿
吕,呂
带,帯
带,帶
㮊,楙
㮊,枆
㮊,柕
开,開
欵,款
欵,㱁
欵,歀
仿,㑂
佀,似
伱,儞
伱,你
儞,伱
儞,你
你,伱
你,儞
佋,巶
骵,体
骵,體
骵,躰
骵,軆
骵,𩪆
仾,低
佟,㣠
偘,侃
侐,伵
伵,侐
㑄,侮
㑄,侮
㑄,㚢
矦,侯
俈,嚳
俈,喾
嚳,俈
嚳,喾
悓,俔
悓,伣
孞,信
孞,訫
孞,㐰
㑴,侵
俢,修
倢,偼
倀,伥
倲,㑈
倈,俫
俫,倈
徤,健
偫,㣥
㣥,偫
偑,㐽
俲,傚
傖,伧
傏,㑽
傌,㐷
僃,備
僃,偹
僃,俻
偹,備
偹,僃
偹,俻
俻,備
俻,僃
俻,偹
傜,徭
僲,僊
僲,㒨
㒨,僊
㒨,僲
偻,僂
僩,僴
僴,僩
㒒,僕
㒒,䑑
䑑,僕
䑑,㒒
儈,侩
侩,儈
儍,傻
傻,儍
儎,傤
㒞,儁
㒞,㑺
僨,偾
偾,僨
㑪,儕
㑪,侪
儓,㒗
㒗,儓
俦,儔
儐,傧
傧,儐
儹,儧
儧,儹
儸,㑩
㑩,儸
傥,儻
㽙,允
灮,光
灮,炗
灮,炛
灮,㫕
炗,光
炗,灮
炗,炛
炗,㫕
炛,光
炛,灮
炛,炗
炛,㫕
兊,兌
兊,兑
兗,兖
兖,兗
兠,兜
兠,㿡
亓,其
兾,冀
冋,冂
圎,円
圎,圓
圎,圆
圆,圓
圆,円
圆,圎
冄,冉
宂,冗
㝠,冥
㝠,䆩
凢,凡
凢,凣
䖏,処
䖏,處
䖏,处
处,処
处,處
处,䖏
凳,櫈
櫈,凳
圅,函
圅,凾
㓛,功
㓛,糼
剙,剏
剙,刱
剺,剓
剓,剺
刓,㝴
㝴,刓
㓝,刑
别,別
刾,㓨
㓨,刾
剎,刹
刴,剁
剁,刴
歬,前
歬,偂
偂,前
偂,歬
则,則
则,𠟭
则,𠟻
鬀,剃
㱕,帰
㱕,歸
㱕,皈
㱕,归
㱕,𡚖
㱕,䢜
㓻,剛
㓻,𡬺
㓻,刚
刚,剛
刚,㓻
刚,𡬺
剗,刬
刬,剗
剕,䠊
䠊,剕
剮,剐
剐,剮
㓷,劓
劓,㓷
刅,創
刅,创
刅,戧
刅,戗
戧,創
戧,创
戧,刅
戧,戗
戗,創
戗,创
戗,戧
戗,刅
创,創
创,刅
创,戧
创,戗
劋,剿
劊,刽
刽,劊
劌,刿
刿,劌
刘,劉
劚,㔉
刦,劫
刦,刧
刦,刼
刼,劫
刼,刧
刼,刦
缼,欠
缼,缺
缼,𡙇
惞,欣
劲,勁
勈,勇
勈,㦷
㱁,款
㱁,欵
㱁,歀
㔟,勢
㔟,势
勩,勚
勚,勩
欻,歘
歘,欻
欤,歟
歭,跱
跱,歭
嵗,歲
嵗,歳
嵗,亗
嵗,岁
亗,歳
亗,歲
亗,嵗
亗,岁
厯,歴
厯,歷
厯,历
歺,歹
殁,歿
勛,勲
勛,勳
勛,勋
勱,劢
殙,㱪
㱪,殙
勻,匀
匀,勻
殨,㱮
匃,匄
匃,𠣏
匄,匃
匄,𠣏
匇,匆
囱,囪
殮,㱨
殮,殓
殰,㱩
㱿,殻
㱿,殼
㱿,壳
壳,殻
壳,殼
壳,㱿
殹,𥏏
毁,毀
毄,𣪠
匑,匔
匔,匑
匩,匡
匞,匠
毉,医
毉,醫
毈,㱭
夶,比
㲋,㚟
㚟,㲋
毚,𫥎
毮,毟
毮,挘
毹,毺
毺,毹
毿,毵
匫,匢
匢,匫
匭,匦
滙,匯
滙,汇
卄,廿
芔,卉
䘚,卒
䘚,卆
卛,率
业,業
丠,丘
丠,㐀
丠,坵
丠,㘳
为,為
为,爲
义,義
乨,始
乨,兘
乿,治
亖,四
亣,大
亱,夜
亲,親
亲,媇
仧,長
仧,镸
仧,兏
仧,长
仺,倉
仺,仓
伂,沛
伂,㳈
伖,帑
伛,傴
伨,徇
伨,狥
佄,酣
佱,法
佱,灋
佱,㳒
佲,酩
倃,䛮
倊,偬
倊,傯
偼,倢
傯,偬
傯,倊
僼,㒥
儫,豪
兑,兌
兑,兊
兘,始
兘,乨
兲,天
冈,网
冺,泯
冾,洽
凂,浼
凃,涂
凈,净
减,減
凑,湊
凟,涜
凟,瀆
凟,渎
凤,鳳
凤,鳯
凤,鴌
凲,尲
凲,尶
凲,尷
凲,魐
凲,尴
刍,芻
刍,蒭
刭,剄
劎,剣
劎,劍
劎,劔
劎,劒
劎,剱
劎,釼
劎,釰
劎,𠝏
劎,剑
劝,勧
劝,勸
办,辦
劳,労
劳,勞
势,勢
势,㔟
勀,勊
勊,勀
勎,勠
卐,卍
卣,㔽
卤,西
卤,卥
卤,㢴
卺,巹
厙,厍
厡,原
厡,𨘡
厪,廑
厫,廒
厴,厣
厵,源
厺,去
厾,丟
厾,丢
叁,参
叁,參
叁,㕘
叁,叅
叁,叄
叄,参
叄,參
叄,叅
叄,㕘
叄,叁
叅,参
叅,參
叅,叄
叅,㕘
叅,叁
叏,夬
叞,尉
叞,㷉
叴,㕤
叹,又
叿,㖓
吀,哶
吒,咤
吒,咜
吓,嚇
吢,吣
吣,吢
吴,呉
吴,吳
呌,叫
呐,吶
呐,㕯
呕,嘔
呩,嗜
呺,㕺
咊,和
咊,龢
咊,惒
咜,咤
咜,吒
咡,㖇
哅,㕼
哙,噲
哣,㕻
哣,咅
哣,㖣
哪,㖠
哯,咞
哶,吀
唕,唣
唘,啓
唘,啔
唘,諬
唘,啟
唧,喞
啔,啓
啔,諬
啔,唘
啔,啟
啟,啓
啟,啔
啟,唘
啟,諬
啠,哲
啠,喆
啠,嚞
啠,埑
啢,唡
啺,唐
喆,哲
喆,啠
喆,嚞
喆,埑
喌,㖄
喎,㖞
喒,㑑
喯,噴
喯,喷
喲,哟
嗁,㖒
嗆,呛
嗊,唝
嗎,吗
嗑,㗐
嗠,酪
嗥,噑
嗥,嘷
嗩,唢
嗶,哔
嗸,嗷
嘊,啀
嘍,喽
嘒,嚖
嘓,啯
嘜,唛
嘨,嘯
嘨,歗
嘨,啸
嘮,唠
嘵,哓
嘷,嗥
嘷,噑
嘽,啴
噅,噕
噑,嗥
噑,嘷
噕,噅
噖,吟
噖,訡
噚,㖊
噟,譍
噥,哝
噲,哙
噽,嚭
噾,喑
嚂,㘕
嚉,咄
嚌,哜
嚕,噜
嚖,嘒
嚞,哲
嚞,啠
嚞,喆
嚞,埑
嚦,呖
嚨,咙
嚭,噽
嚲,䯬
嚲,亸
嚻,囂
嚻,嚣
囅,冁
囇,㘑
囉,啰
囒,㘓
囙,因
囦,淵
囦,渕
囦,渊
囦,渆
囦,㴊
囦,㶜
囦,渁
囧,冏
囪,囱
囬,回
囬,囘
囯,国
囯,國
囯,圀
囯,囶
囯,囻
囯,䆐
囸,日
囻,国
囻,國
囻,圀
囻,囶
囻,囯
囻,䆐
囼,胎
囼,孡
圇,囵
圝,圞
圞,圝
圡,土
圡,𡈽
圫,墺
圱,圲
圲,圱
圼,㘿
坃,壎
坃,塤
坃,埙
坃,壦
坍,㘱
坒,㘩
坓,型
坔,地
坔,埊
坔,墬
坔,嶳
坕,経
坕,經
坕,经
坖,忌
块,塊
块,㙕
坘,坻
坙,巠
坚,堅
坣,堂
坣,㙶
坧,墌
坮,台
坮,臺
坮,㙵
坮,䑓
坰,埛
坰,垧
坳,垇
坳,㘭
坸,垢
坻,坘
垐,㘹
垕,厚
垕,㫗
垖,堆
垛,垜
垜,垛
垡,㘺
垦,垠
垧,坰
垧,埛
垨,守
垨,㝊
垩,聖
垩,琞
垻,坝
垽,㴈
埊,地
埊,坔
埊,墬
埊,嶳
埑,哲
埑,啠
埑,喆
埑,嚞
埞,堤
埡,垭
埤,壀
埯,垵
堃,坤
堇,䒺
堘,塍
堘,畻
堘,塖
堢,堡
堭,墴
堾,踳
堾,蝽
塍,堘
塍,畻
塍,塖
塏,垲
塐,塑
塖,堘
塖,塍
塖,畻
塜,塳
塦,陳
塦,軙
塦,陈
塳,塜
墁,㙢
墉,牅
墊,垫
墌,坧
墎,郭
墖,塔
墖,㗳
墣,㙸
墧,塙
墩,墪
墪,墩
墬,地
墬,坔
墬,埊
墬,嶳
墯,堕
墯,墮
墰,壜
墰,罎
墰,墵
墰,坛
墴,堭
墵,壜
墵,罎
墵,墰
墵,坛
壀,埤
壍,塹
壍,㟻
壍,堑
壚,垆
壚,𡉴
壢,坜
壦,壎
壦,塤
壦,埙
壦,坃
壨,雷
壨,靁
壨,䨓
壵,壮
壵,壯
夁,壱
夁,壹
夈,斎
夈,齋
夈,斋
夈,㪰
夈,䬩
复,㚆
夓,夏
够,夠
夠,够
夣,夢
夣,梦
夣,㝱
夹,夾
奌,点
奌,點
奌,㸃
妅,娂
妆,妝
妆,娤
妆,䊋
妆,𡝂
妇,婦
妇,媍
妉,媅
妉,㚮
妒,妬
妘,㜏
妘,㛣
妯,㛩
妳,嬭
妳,㚷
妸,婀
妸,娿
妿,㚳
姊,姉
姌,㚩
姍,姗
姍,㛽
姒,娰
姒,㚶
姢,娟
姣,㚣
姧,姦
姺,䢾
娂,妅
娄,婁
娤,妝
娤,妆
娤,䊋
娤,𡝂
娦,嬪
娦,嫔
娰,姒
娰,㚶
娱,娯
娱,娛
娹,婱
娿,婀
娿,妸
婓,婔
婔,婓
婕,媫
婘,孉
婙,婧
婣,姻
婭,娅
婯,麗
婯,䴡
婯,丽
婱,娹
婾,媮
媄,㜫
媅,妉
媅,㚮
媆,㜛
媇,親
媇,亲
媌,㑤
媍,婦
媍,妇
媎,姐
媤,㚸
媧,娲
媪,媼
媲,嫓
嫟,嬺
嫯,㜜
嫰,嫩
嫵,妩
嫿,婳
嬀,妫
嬀,媯
嬃,媭
嬈,娆
嬊,嬿
嬍,媺
嬙,嫱
嬝,嫋
嬡,嫒
嬤,嬷
嬭,妳
嬭,㚷
嬸,婶
嬺,嫟
嬿,嬊
孄,嬾
孄,孏
孄,㦨
孆,嬰
孆,婴
孉,婘
孋,㛤
孌,㜻
孌,娈
孏,嬾
孏,孄
孏,㦨
孠,嗣
孹,擘
孿,孪
孿,㝈
宁,㝉
实,実
实,實
宫,宮
宷,審
宷,审
宼,寇
宼,冦
宼,㓂
寈,青
寈,靑
寍,寧
寍,寕
寍,寜
寍,㝕
寕,寧
寕,寍
寕,寜
寕,㝕
寖,浸
寖,濅
寖,㴆
寚,宝
寚,寶
寚,寳
寚,珤
寚,靌
寚,㻄
寜,寧
寜,寍
寜,寕
寜,㝕
寯,㝦
对,対
对,對
尒,爾
尒,尓
尒,尔
尔,爾
尔,尓
尔,尒
尘,塵
尛,麼
尛,麽
尛,嚒
尛,庅
尞,燎
尟,尠
尣,尢
尥,尦
尦,尥
尩,尪
尩,尫
尪,尫
尪,尩
尫,尪
尫,尩
尲,凲
尲,尶
尲,尷
尲,魐
尲,尴
尶,凲
尶,尲
尶,尷
尶,魐
尶,尴
尷,凲
尷,尲
尷,尶
尷,魐
尷,尴
屄,毴
屇,㧂
屚,漏
屨,屦
屩,屫
屪,㞠
屫,屩
屺,㞯
岀,出
岀,㞮
岝,岞
岞,岝
岢,㞹
岧,岹
岪,𡶒
岭,岺
岴,嶇
岴,岖
岹,岧
岺,岭
峀,邦
峀,䢶
峉,㟯
峊,阜
峛,峢
峦,巒
峮,㟒
峱,嶩
峱,巎
峴,岘
峵,嶸
峵,嵘
峹,嵞
崈,崇
崍,崃
崏,岷
崏,㟭
崏,㞶
崏,㟩
崏,渂
崐,崑
崒,崪
崞,䧐
崠,岽
崠,崬
崤,㠙
崦,嶖
崿,㟧
崿,㠋
嵇,嵆
嵏,嵕
嵓,嵒
嵕,嵏
嵞,峹
嵠,谿
嵠,𧮾
嵮,巓
嵮,巔
嵮,巅
嵷,嵸
嵸,嵷
嵾,㟥
嵾,㠁
嶁,㟺
嶁,嵝
嶃,嶄
嶃,崭
嶅,㟼
嶅,㠂
嶔,嵚
嶕,嶣
嶖,崦
嶗,崂
嶚,嶛
嶛,嶚
嶠,㠐
嶠,峤
嶣,嶕
嶤,嶢
嶤,𡸳
嶤,峣
嶧,𡵸
嶧,峄
嶨,峃
嶩,峱
嶩,巎
嶪,嶫
嶫,嶪
嶳,地
嶳,坔
嶳,埊
嶳,墬
嶴,岙
嶸,嵘
嶸,峵
嶹,島
嶹,嶋
嶹,嶌
嶹,㠀
嶹,岛
嶻,巀
巀,嶻
巄,巃
巋,岿
巎,峱
巎,嶩
巑,㠝
巗,巌
巗,巖
巘,巚
巚,巘
巠,坙
巶,佋
巹,卺
巺,巽
巺,㢲
币,印
帅,帥
师,師
帡,帲
帮,幇
帮,幫
帮,幚
帲,帡
帺,褀
幈,屏
幈,屛
幓,㡎
幘,帻
幚,幇
幚,幫
幚,帮
幬,帱
幮,㡡
庐,廬
庙,廟
庙,庿
庺,松
庺,枩
庺,枀
庺,柗
庺,梥
庺,㮤
庽,寓
廎,庼
廑,厪
廒,厫
廪,廩
廪,㐭
廽,廻
廽,𢌞
弒,弑
弙,㢪
弢,㢭
强,強
弻,弼
弻,㢶
彆,㢼
彉,彍
彋,㢬
彍,彉
归,帰
归,歸
归,皈
归,㱕
归,𡚖
归,䢜
彔,录
彛,彝
彛,彜
彠,蒦
彠,彟
彥,彦
彲,彨
徣,借
徰,征
忎,仁
忧,㤑
怣,尤
怸,悉
恳,懇
恴,徳
恴,德
恴,悳
恴,惪
恴,㥁
恴,𢛳
悡,㥎
悮,悞
惒,和
惒,咊
惒,龢
惖,惕
惩,懲
惩,懲
惪,徳
惪,德
惪,悳
惪,㥁
惪,恴
惪,𢛳
愸,整
愻,遜
愻,逊
慩,㦁
慪,怄
慭,憖
慭,憗
憅,慟
憅,恸
憆,瞠
憻,坦
懄,慬
战,戦
战,戰
戼,卯
戼,夘
扏,㧨
扗,在
执,執
抚,撫
抝,拗
报,報
拞,抵
拟,擬
挅,挆
挆,挅
挊,弄
挊,挵
挊,㺯
挔,旅
挔,捛
挗,抉
挳,摼
挵,弄
挵,挊
挵,㺯
挷,搒
捪,㨉
捯,擣
捯,𢭏
捯,㨶
掰,㧳
揯,搄
搇,撳
搇,揿
搫,㨇
搲,攨
搻,搦
搼,拳
摦,槬
摼,挳
撁,牽
撁,牵
撂,㨼
撆,撇
撪,㨧
撯,擆
擆,撯
擈,撲
擓,㨤
擓,㧟
擹,攤
擹,摊
擼,撸
攆,撵
攍,㨕
攨,搲
敆,㪉
敭,揚
敭,扬
敯,暋
敱,敳
敱,𣪱
敳,敱
敳,𣪱
敻,夐
斆,斅
斆,敩
斍,覚
斍,覺
斍,觉
斍,覐
旑,旖
旘,幟
旘,帜
昗,昃
昸,冬
昸,㫡
晍,曈
曍,皡
曍,皞
曍,皥
曍,暭
曍,暤
曗,曄
曗,曅
曗,晔
朂,勗
朂,勖
朆,㬟
朩,𣎳
杒,梕
枞,樅
枣,棗
枣,栆
枾,柿
枾,柹
柕,楙
柕,枆
柕,㮊
查,査
栠,栣
栣,栠
梕,杒
梤,㯣
椘,楚
椘,䠂
椲,㭏
楍,本
楍,㮺
榅,榲
榙,㯚
榝,樧
榢,架
榪,杩
槒,慉
槬,摦
樷,叢
樷,藂
樷,丛
橠,㰙
橥,櫫
橮,柳
橮,桺
橮,𫞉
橮,栁
橮,桞
櫀,棋
櫀,棊
櫀,檱
櫀,㯦
櫄,杶
櫄,𣝙
櫋,𣝼
櫘,槥
櫙,藲
櫫,橥
欁,農
欁,辳
欁,䢉
欁,农
欚,𣜡
歀,款
歀,欵
歀,㱁
歗,嘯
歗,嘨
歗,啸
歮,渋
歮,澁
歮,澀
歮,涩
歱,踵
毡,氈
毡,氊
毴,屄
氂,㲠
氊,氈
氊,毡
氌,氇
氌,𣱀
氍,㲘
氝,氞
氫,氢
氬,氩
氲,氳
氳,氲
氼,㲻
汄,㳁
汅,沔
汙,汚
汙,污
污,汚
污,汙
汬,阱
汬,㘫
汴,汳
汷,泈
汹,洶
沉,沈
沔,汅
沲,沱
沴,沵
沶,沵
泈,汷
泘,滹
泤,洍
洍,泤
洚,浲
洜,洛
洤,泉
洤,㟫
洦,湐
洭,㳝
浃,浹
浊,濁
浛,澏
浱,漘
浱,滣
浼,凂
涁,滲
涁,渗
涁,㵕
涂,凃
涇,泾
涗,涚
淄,湽
淛,浙
淥,渌
淧,㴵
淧,㵥
淶,涞
淸,清
淾,飲
淾,飮
淾,㱃
淾,饮
淿,泊
渁,淵
渁,渕
渁,渊
渁,渆
渁,㴊
渁,㶜
渁,囦
渆,淵
渆,渕
渆,渊
渆,㴊
渆,㶜
渆,囦
渆,渁
渗,滲
渗,涁
渗,㵕
渢,沨
渪,濡
湐,洦
湙,㴒
湜,㵓
湞,浈
湬,湫
湬,𣹌
湰,漋
湻,淳
湽,淄
溉,漑
溬,㳾
溮,浉
溳,涢
溼,湿
溼,濕
滈,瀥
滎,荥
滗,潷
滚,滾
滣,漘
滣,浱
滭,㳼
滹,泘
滻,浐
漄,涯
漊,溇
漋,湰
漘,滣
漘,浱
漚,沤
漧,乾
漧,乹
漧,亁
漩,㳬
漪,渏
漮,𣾩
漵,溆
漵,潊
漹,溤
漼,㵏
潀,潨
潀,灇
潀,潈
潂,洪
潄,漱
潕,㵲
潙,沩
潙,溈
潚,㴋
潨,潀
潨,灇
潨,潈
潷,滗
潹,潺
潿,涠
澇,涝
澏,浛
澔,浩
澔,㵆
澔,㬶
澦,滪
澩,㶅
澩,泶
澭,灉
澭,㴩
澮,浍
澵,瀙
澷,漫
澻,㴚
濅,浸
濅,寖
濅,㴆
濇,瀒
濙,㶈
濚,溁
濚,濴
濚,瀯
濜,浕
濧,㳔
濰,潍
濴,濚
濴,溁
濴,瀯
濻,瀢
濼,泺
濽,灒
瀂,滷
瀂,澛
瀅,滢
瀍,湹
瀒,濇
瀔,濲
瀙,澵
瀠,潆
瀥,滈
瀯,濚
瀯,溁
瀯,濴
瀸,瀐
瀹,㵸
灃,沣
灄,滠
灇,潀
灇,潨
灇,潈
灉,澭
灉,㴩
灋,法
灋,佱
灋,㳒
灍,㵐
灒,濽
灝,灏
灞,㶚
灡,㳕
灤,滦
灧,灩
灧,灎
灧,灔
灧,滟
灱,灲
灲,灱
灺,炧
灻,赤
灻,烾
灾,災
灾,烖
炋,㶨
炧,灺
炱,炲
炱,㸀
炲,炱
炲,㸀
烉,煥
烉,焕
烖,災
烖,灾
烬,燼
热,熱
烴,烃
烾,赤
烾,灻
焈,熙
焈,煕
焈,熈
焤,腐
煅,鍛
煅,锻
煑,煮
煑,煮
煗,煖
煫,燧
煫,㸂
煭,烈
煭,烮
煲,㷛
煴,熅
煿,爆
熅,煴
熆,㥺
熑,燫
熒,荧
熛,𤌑
熜,㷓
熫,炙
熫,䏑
熲,颎
熺,熹
燄,焔
燄,焰
燄,熖
燄,㷔
燙,烫
燜,焖
燣,燷
燫,熑
燳,照
燳,㷖
燴,烩
爕,燮
爕,㸉
爕,夑
爠,臞
牂,䍧
牅,墉
牬,㸬
犨,犫
犫,犨
犾,㹜
狖,㹨
狥,徇
狥,伨
狦,㹪
狻,䝜
猐,羌
猐,羗
猙,狰
猨,猿
猬,蝟
猻,狲
獁,犸
獆,獋
獆,獔
獊,愴
獊,怆
獋,獆
獋,獔
獌,䝡
獌,䝢
獔,獆
獔,獋
獫,猃
獱,㺍
獷,犷
獼,猕
玀,猡
玃,貜
玅,妙
玌,㺫
珁,瓷
珁,甆
珤,宝
珤,寶
珤,寳
珤,寚
珤,靌
珤,㻄
珬,㺷
琌,陵
琌,䧙
琞,聖
琞,垩
瑘,琊
璝,瑰
璝,瓌
瓗,㼇
瓥,㼖
畻,塍
畻,堘
畻,塖
疞,㽳
瘎,㽸
癏,瘝
癗,㿔
皩,皝
皱,皺
盕,䀀
盫,盦
盽,䀱
眻,䁑
睁,睜
睓,㥏
瞘,眍
瞜,䁖
瞫,䚓
矀,覹
矏,矈
矓,眬
砤,砣
砶,珀
碈,珉
碈,瑉
碈,䃉
磸,矴
祰,禞
祰,祮
祶,禘
禉,槱
禉,梄
禞,祰
禞,祮
禥,祺
秊,年
秊,䄭
秗,飫
秗,饫
积,積
稏,䅉
稒,㧽
稢,稶
稶,稢
穷,窮
穷,竆
竐,䇍
笝,䇱
筨,䈄
箌,䈇
籕,籀
籕,籒
籪,簖
粄,䉽
粚,黐
糤,饊
糤,馓
糼,功
糼,㓛
綐,䌼
綘,縫
綘,缝
綤,紹
綤,绍
緽,頳
緽,赬
緽,䞓
緽,赪
緿,紿
緿,绐
縃,胥
縘,繋
縘,繫
缷,卸
缷,䣃
罗,羅
罢,罷
羙,羔
羥,羟
翖,翕
翖,㒆
翤,翅
翤,翄
耸,聳
聮,聯
聮,聨
聮,聫
胢,䯊
脙,䏫
腖,胨
臢,臜
艊,舶
芜,蕪
芞,䒗
苁,蓯
苿,菋
荶,䕾
菋,苿
萂,䒩
萔,苕
萤,蛍
萤,螢
营,営
营,營
萴,荝
萾,䕦
葕,莚
蓕,茥
蔅,妍
蔅,姸
薍,𦯠
薞,蕵
藬,蘈
藮,樵
藽,櫬
藽,榇
蘈,藬
蘏,蘔
蘕,蓬
蘕,纄
虊,䖂
虥,虦
虦,虥
虽,雖
蛊,蠱
蛓,䗹
蝇,蠅
蝇,蝿
蝽,踳
蝽,堾
螡,蚊
螡,蚉
螡,蟁
衖,巷
衖,䢽
衖,䣈
衖,㟟
衭,䊿
袄,襖
褀,帺
褑,褤
褤,褑
褭,䮍
襇,裥
襝,裣
覌,観
覌,觀
覌,观
覎,觃
覝,䙺
覹,矀
觢,㸷
觮,龣
訙,訊
訙,䛜
訙,讯
訡,吟
訡,噖
訮,詽
詯,䛛
詸,謎
詸,谜
詽,訮
誈,誣
誈,诬
誵,訤
諬,啓
諬,啔
諬,唘
諬,啟
謩,謨
謩,谟
謿,嘲
豟,䝈
貜,玃
貟,贠
貟,員
貟,员
貦,玩
赻,鮮
赻,鲜
趋,趨
踂,踙
踨,蹤
蹑,躡
躥,蹿
躦,躜
軙,陳
軙,塦
軙,陈
軤,轷
軰,輩
軰,辈
軲,轱
輼,辒
輽,軬
边,辺
边,邉
边,邊
递,逓
递,遞
逥,迴
逰,遊
逰,䢊
郻,鄡
鄉,郷
鄉,鄕
鄉,鄊
鄉,乡
鄊,郷
鄊,鄕
鄊,鄉
鄊,乡
鄑,㬐
鄽,廛
鄽,壥
鄽,㙻
鄽,䣑
鄽,㕓
鄽,㢆
醖,醞
醖,酝
釠,乱
釠,亂
釾,䥺
鈂,䤟
鈉,钠
鈙,鈫
鈽,钸
鉁,珍
鉁,珎
鉪,釱
銁,鈞
銁,銞
銁,钧
銞,鈞
銞,銁
銞,钧
銬,铐
鋫,錅
鋫,鏫
鋫,鑗
錅,鋫
錅,鏫
錅,鑗
錛,锛
鍓,鏶
鍤,锸
鍨,戣
鎜,盤
鎜,盘
鏫,鋫
鏫,錅
鏫,鑗
鏶,鍓
鏿,鎗
鐆,䥙
鐋,铴
鐞,鎒
鐥,䦅
鑗,鋫
鑗,錅
鑗,鏫
鑬,鑒
鑬,鑑
鑬,鍳
鑬,鉴
鑻,襻
镾,弥
镾,彌
閅,門
閅,门
闁,褒
闁,襃
陑,隭
陹,昇
陹,曻
隁,堰
隐,隠
隐,隱
隫,墳
隫,坟
隭,陑
雏,雛
雏,鶵
雦,集
雦,雧
雦,𠍱
霐,䨎
霗,零
霷,陽
霷,𬯆
霷,阳
霷,阦
靌,宝
靌,寶
靌,寳
靌,寚
靌,珤
靌,㻄
靝,靔
鞩,鞘
鞩,韒
鞰,韞
鞰,韫
韒,鞘
韒,鞩
顭,儚
飠,饣
飿,饳
餀,饚
餄,饸
饏,䭛
饚,餀
駡,罵
駡,骂
駩,騡
騍,骒
騡,駩
騸,骟
驏,骣
鬬,闘
鬬,鬪
鬬,鬭
鬬,鬦
鬬,閗
魐,凲
魐,尲
魐,尶
魐,尷
魐,尴
魺,鲄
鮙,鰨
鮙,鳎
鮜,鲘
鮶,鲪
鯭,蜢
鯻,䱫
鰁,鳈
鰃,鳂
鱀,𩺺
鱙,苗
鳪,𨾇
鳮,鸡
鳯,鳳
鳯,凤
鳯,鴌
鴌,鳳
鴌,凤
鴌,鳯
鴡,雎
鴩,䳀
鴵,梟
鴵,䲷
鴵,枭
鵉,鸞
鵉,鸾
鵨,䧾
鵮,鹐
鵶,鴉
鵶,𩿎
鵶,鸦
鷈,䴘
鷎,鷱
鷎,𪈪
鷎,𩀹
鷒,𪅘
鷪,鶯
鷪,鴬
鷪,鸎
鷪,鸴
鷪,莺
鷱,鷎
鷱,𪈪
鷱,𩀹
鷼,鷴
鷼,鷳
鷼,鹇
鸉,𪇚
鸌,鹱
鸔,𪇰
鸘,鹴
麫,麺
麫,麪
麫,麵
黀,𪎪
黲,黪
黾,黽
黾,㫣
鼀,䵸
齐,斉
齐,齊
齐,斊
齐,亝
齐,䄢
齙,龅
齛,齥
齜,龇
齥,齛
齩,䶧
齹,𪙉
龡,吹
龢,和
龢,咊
龢,惒
冝,宜
冝,宐
冝,㝖
凞,凞
夀,寿
夀,壽
夔,虁
夔,蘷
宻,密
嵆,嵇
㐅,五
㐡,懦
㐡,懧
㐧,第
㐫,凶
㐫,㓙
㐭,廩
㐭,廪
㐰,信
㐰,訫
㐰,孞
㐴,攀
㐶,化
㐶,𠏁
㐸,欠
㐹,仡
㑅,作
㑑,喒
㑓,俊
㑘,价
㑚,那
㑧,悸
㑯,㑔
㑳,㑇
㑷,態
㑷,态
㑽,傏
㒃,弐
㒃,貳
㒃,貮
㒃,贰
㒆,翕
㒆,翖
㒇,憮
㒇,怃
㒉,惝
㒋,廝
㒋,厮
㒖,藕
㒥,僼
㒧,儷
㒧,俪
㒪,錫
㒪,锡
㒫,旡
㒭,昆
㒯,㷸
㒯,爗
㒯,燁
㒯,烨
㒲,財
㒲,戝
㒲,财
㒳,両
㒳,兩
㒳,两
㒶,公
㒹,顛
㒹,顚
㒹,傎
㒹,颠
㓂,寇
㓂,冦
㓂,宼
㓕,滅
㓕,灭
㓙,凶
㓙,㐫
㓜,幼
㓮,彫
㔘,黜
㔜,勃
㔫,左
㔬,卓
㔭,匙
㔳,簋
㔳,𣪘
㔻,丕
㔼,榫
㔽,卣
㕁,却
㕁,卻
㕑,厨
㕑,廚
㕑,𢊍
㕕,幻
㕕,𠄔
㕖,素
㕠,双
㕠,雙
㕠,䨇
㕤,叴
㕺,呺
㕻,咅
㕻,哣
㕻,㖣
㕼,哅
㖁,吝
㖄,喌
㖇,咡
㖒,嗁
㖓,叿
㖕,㖖
㖖,㖕
㖗,崟
㖗,崯
㖠,哪
㖣,哣
㖣,咅
㖣,㕻
㖸,噱
㖼,謀
㖼,谋
㖾,咢
㗁,齶
㗁,腭
㗄,謾
㗄,谩
㗋,喉
㗐,嗑
㗜,嗅
㗜,齅
㗣,嚔
㗣,嚏
㗳,塔
㗳,墖
㘑,囇
㘓,囒
㘕,嚂
㘜,雔
㘡,柙
㘧,序
㘧,䦽
㘩,坒
㘬,仏
㘬,佛
㘭,坳
㘭,垇
㘰,斟
㘰,酙
㘰,㪸
㘱,坍
㘳,丘
㘳,㐀
㘳,丠
㘳,坵
㘶,桀
㘷,艾
㘷,𦫿
㘸,坐
㘸,㘴
㘹,垐
㘺,垡
㘿,圼
㙅,保
㙑,宇
㙑,𡧃
㙑,㡰
㙑,㝢
㙕,塊
㙕,块
㙢,墁
㙨,畿
㙲,壅
㙵,台
㙵,臺
㙵,坮
㙵,䑓
㙶,堂
㙶,坣
㙸,墣
㙻,廛
㙻,壥
㙻,鄽
㙻,䣑
㙻,㕓
㙻,㢆
㙼,塁
㙼,壘
㚆,复
㚌,夥
㚐,套
㚣,姣
㚦,姫
㚦,姬
㚦,姬
㚩,姌
㚮,妉
㚮,媅
㚳,妿
㚶,姒
㚶,娰
㚷,嬭
㚷,妳
㚸,媤
㚺,孕
㚺,㞌
㚿,包
㛐,嫂
㛐,㛮
㛛,娠
㛩,妯
㛮,嫂
㛮,㛐
㛰,婚
㛽,姍
㛽,姗
㜄,㚯
㜏,㛣
㜏,妘
㜑,婆
㜛,媆
㜜,嫯
㜧,𡡕
㜫,媄
㜻,孌
㜻,娈
㜼,姪
㜽,子
㜾,孩
㝀,好
㝄,純
㝄,𥾑
㝄,纯
㝇,鶉
㝇,鹑
㝈,孿
㝈,孪
㝊,守
㝊,垨
㝍,写
㝍,寫
㝍,冩
㝎,定
㝐,容
㝑,旁
㝒,居
㝕,寧
㝕,寍
㝕,寕
㝕,寜
㝖,宜
㝖,冝
㝖,宐
㝙,寅
㝛,宿
㝢,宇
㝢,𡧃
㝢,㡰
㝢,㙑
㝦,寯
㝧,穏
㝧,穩
㝧,稳
㝱,夢
㝱,梦
㝱,夣
㝲,寝
㝲,寢
㝶,得
㞌,孕
㞌,㚺
㞍,尻
㞑,尾
㞕,屑
㞘,豚
㞘,豘
㞙,尿
㞙,㳮
㞡,展
㞧,会
㞧,會
㞧,㑹
㞩,嵐
㞩,岚
㞫,走
㞫,赱
㞮,出
㞮,岀
㞯,屺
㞶,岷
㞶,崏
㞶,㟭
㞶,㟩
㞶,渂
㞹,岢
㞺,族
㞿,岐
㞿,㟚
㟁,岸
㟁,堓
㟃,司
㟏,㟔
㟒,峮
㟔,㟏
㟗,邠
㟚,岐
㟚,㞿
㟝,培
㟢,崎
㟢,嵜
㟢,﨑
㟧,崿
㟧,㠋
㟩,岷
㟩,崏
㟩,㟭
㟩,㞶
㟩,渂
㟫,泉
㟫,洤
㟭,岷
㟭,崏
㟭,㞶
㟭,㟩
㟭,渂
㟲,㟶
㟶,㟲
㟺,嶁
㟺,嵝
㟻,塹
㟻,壍
㟻,堑
㟼,嶅
㟼,㠂
㠀,島
㠀,嶋
㠀,嶌
㠀,嶹
㠀,岛
㠁,嵾
㠁,㟥
㠂,嶅
㠂,㟼
㠋,崿
㠋,㟧
㠏,㟆
㠐,嶠
㠐,峤
㠕,嵬
㠖,嶬
㠘,嶼
㠘,屿
㠙,崤
㠝,巑
㠩,巟
㠪,巨
㠻,希
㡃,㡆
㡃,㡛
㡆,㡃
㡆,㡛
㡌,帽
㡕,央
㡠,幀
㡠,帧
㡡,幮
㡢,幔
㡣,竜
㡣,龍
㡣,龒
㡣,龙
㡬,幾
㡯,宅
㡰,宇
㡰,𡧃
㡰,㝢
㡰,㙑
㡳,底
㢁,㢋
㢆,廛
㢆,壥
㢆,鄽
㢆,㙻
㢆,䣑
㢆,㕓
㢋,㢁
㢕,廱
㢡,奨
㢡,奬
㢡,獎
㢡,奖
㢧,巻
㢧,卷
㢪,弙
㢬,彋
㢮,弛
㢲,巽
㢲,巺
㢶,弼
㢶,弻
㢼,彆
㢽,餌
㢽,饵
㣃,鬻
㣃,俼
㣉,工
㣋,丹
㣏,静
㣏,靜
㣐,変
㣐,變
㣐,变
㣘,跔
㣠,佟
㣦,逶
㣲,微
㤑,忧
㤙,恩
㤛,恁
㤟,恐
㤠,㤡
㤡,㤠
㤤,㥚
㤪,怨
㥁,徳
㥁,德
㥁,悳
㥁,惪
㥁,恴
㥁,𢛳
㥍,惎
㥎,悡
㥑,憂
㥕,憐
㥚,㤤
㥤,矜
㥧,順
㥧,顺
㥵,慁
㥺,熆
㥿,慠
㦁,慩
㦂,常
㦉,懿
㦉,㦤
㦉,㱅
㦖,𢡛
㦖,懣
㦖,懑
㦞,懤
㦞,㤽
㦡,楽
㦡,樂
㦡,乐
㦨,嬾
㦨,孏
㦨,孄
㦲,哉
㦷,勇
㦷,勈
㦻,襲
㦻,袭
㦾,扅
㧂,屇
㧈,引
㧧,梳
㧨,扏
㧳,掰
㧽,稒
㧿,摐
㨀,抦
㨇,搫
㨉,捪
㨕,攍
㨣,擁
㨣,拥
㨤,擓
㨤,㧟
㨧,撪
㨱,揺
㨱,搖
㨱,摇
㨲,㩍
㨲,㩞
㨵,揃
㨶,擣
㨶,𢭏
㨶,捯
㨼,撂
㩍,㨲
㩍,㩞
㩕,拎
㩗,携
㩗,攜
㩗,㩦
㩗,擕
㩛,摶
㩛,抟
㩞,㨲
㩞,㩍
㩥,攕
㩦,携
㩦,攜
㩦,擕
㩦,㩗
㩪,擷
㩪,撷
㩵,擜
㩿,㪂
㪂,㩿
㪉,敆
㪘,斂
㪘,敛
㪚,散
㪰,斎
㪰,齋
㪰,斋
㪰,夈
㪰,䬩
㪶,斛
㪸,斟
㪸,酙
㪸,㘰
㪹,𬖠
㫀,鼎
㫀,鼑
㫁,断
㫁,斷
㫅,旗
㫋,旃
㫋,旜
㫔,艮
㫕,光
㫕,灮
㫕,炗
㫕,炛
㫗,厚
㫗,垕
㫘,㸓
㫡,冬
㫡,昸
㫧,暴
㫧,㬥
㫫,顕
㫫,顯
㫫,显
㫳,晨
㫺,昔
㬐,鄑
㬞,暍
㬩,暳
㬫,曣
㬶,浩
㬶,澔
㬶,㵆
㬹,踭
㭃,綱
㭃,纲
㭊,析
㭴,樫
㭻,棠
㮀,㮭
㮄,榜
㮋,栯
㮌,綿
㮌,緜
㮌,绵
㮭,㮀
㮺,本
㮺,楍
㯇,梐
㯈,樕
㯚,榙
㯟,麓
㯣,梤
㯦,棋
㯦,棊
㯦,檱
㯦,櫀
㯪,櫺
㯪,欞
㯪,棂
㯶,棕
㯶,椶
㯶,𣞛
㯺,𣠿
㯽,檳
㯽,槟
㰉,榛
㰉,樼
㰐,楕
㰐,橢
㰐,㯐
㰐,椭
㰖,欖
㰖,榄
㰙,橠
㰞,嗤
㰞,𣣷
㰟,𣢆
㰱,歃
㰱,𣣨
㰸,歛
㱅,懿
㱅,㦤
㱅,㦉
㱘,魘
㱘,魇
㱨,殮
㱨,殓
㱫,𣩼
㱭,毈
㲄,䍍
㲇,鼕
㲜,毯
㲜,㲭
㲠,氂
㲣,𣮬
㲣,𣮯
㲭,毯
㲭,㲜
㲵,霄
㲵,䨭
㲻,氼
㲾,雨
㲾,𠕒
㲾,𠕘
㲾,𠕲
㲾,𩁼
㳁,汄
㳂,沿
㳃,淬
㳅,流
㳅,沠
㳈,沛
㳈,伂
㳑,溢
㳒,法
㳒,佱
㳒,灋
㳙,涓
㳬,漩
㳮,尿
㳮,㞙
㳷,𣷤
㳺,游
㳼,滭
㳽,瀰
㳾,溬
㳿,渫
㴅,消
㴆,浸
㴆,濅
㴆,寖
㴇,渉
㴇,涉
㴈,垽
㴉,済
㴉,濟
㴉,济
㴊,淵
㴊,渕
㴊,渊
㴊,渆
㴊,㶜
㴊,囦
㴊,渁
㴒,湙
㴚,澻
㴝,黎
㴠,涵
㴠,𣹢
㴥,𣹝
㴩,澭
㴩,灉
㴱,深
㴴,湛
㴵,淧
㴵,㵥
㴾,渤
㵄,漢
㵄,漢
㵄,汉
㵆,浩
㵆,澔
㵆,㬶
㵏,漼
㵐,灍
㵓,湜
㵕,滲
㵕,渗
㵕,涁
㵥,淧
㵥,㴵
㵦,瀡
㵲,潕
㵸,瀹
㵺,𤀥
㵼,瀉
㵼,泻
㶅,澩
㶅,泶
㶈,濙
㶚,灞
㶜,渕
㶜,淵
㶜,渊
㶜,渆
㶜,㴊
㶜,囦
㶜,渁
㶤,炒
㶨,炋
㶵,飪
㶵,餁
㶵,饪
㶻,烽
㶾,𤐫
㷉,尉
㷉,叞
㷊,焚
㷊,燓
㷑,煙
㷑,烟
㷑,𤇆
㷓,熜
㷖,照
㷖,燳
㷙,煎
㷠,粦
㷥,烝
㷸,㒯
㷸,爗
㷸,燁
㷸,烨
㷼,燕
㷼,鷰
㷼,䴏
㸀,炱
㸀,炲
㸃,点
㸃,點
㸃,奌
㸈,焦
㸉,燮
㸉,爕
㸉,夑
㸕,攫
㸕,爴
㸘,万
㸘,萬
㸦,互
㸬,牬
㸷,觢
㸿,犢
㸿,犊
㹖,豢
㹙,㹚
㹚,㹙
㹜,犾
㹨,狖
㹯,貅
㺅,猴
㺊,𤡀
㺫,玌
㺮,玗
㺳,玫
㺷,珬
㺺,瑁
㻄,宝
㻄,寶
㻄,寳
㻄,寚
㻄,珤
㻄,靌
㻊,璊
㻎,瑟
㻗,琲
㻮,璨
㼄,璣
㼄,玑
㼇,瓗
㼖,瓥
㼙,甃
㽮,星
㽮,曐
㽮,皨
㽯,畦
㽳,疞
㽸,瘎
㾄,讟
㿈,癰
㿈,癕
㿈,痈
㿋,瘙
㿏,𤸷
㿝,香
㿡,兜
㿡,兠
㿢,耀
䀀,盕
䀄,𥁚
䀋,塩
䀋,鹽
䀋,𦣪
䀋,盐
䀱,盽
䁉,䁈
䁑,眻
䁞,省
䁦,覰
䁦,覻
䁦,覷
䁦,觑
䁩,䏸
䁩,䐳
䁲,䚑
䁹,睥
䁹,睤
䁻,䀥
䂞,柘
䂲,砝
䃉,珉
䃉,瑉
䃉,碈
䃦,礅
䃱,䃸
䃸,䃱
䄀,禍
䄀,禍
䄀,旤
䄀,祸
䄕,社
䄕,社
䄢,斉
䄢,齊
䄢,斊
䄢,亝
䄢,齐
䄩,䴬
䄬,移
䄭,年
䄭,秊
䄺,稚
䄺,穉
䄺,稺
䄺,䆈
䅇,粟
䅱,䭓
䅶,耨
䅶,槈
䆂,稴
䆈,稚
䆈,穉
䆈,稺
䆈,䄺
䆐,国
䆐,圀
䆐,國
䆐,囻
䆐,囯
䆐,囶
䆠,宦
䆤,穿
䆩,冥
䆩,㝠
䆻,竅
䆻,窍
䇍,竐
䇥,笮
䇭,栳
䇱,笝
䇹,箘
䇹,箟
䈄,筨
䈤,鉗
䈤,钳
䈥,筋
䈥,荕
䉁,䉹
䉒,籓
䉖,笭
䉙,篔
䉙,筼
䉹,䉁
䉼,料
䉽,粄
䊋,妝
䊋,妆
䊋,娤
䊋,𡝂
䊑,餉
䊑,饷
䊒,精
䊒,精
䊪,糲
䊷,緇
䊷,缁
䊷,䌶
䊿,衭
䋁,綆
䋁,䌄
䋁,绠
䋓,绉
䋓,縐
䋘,縋
䋘,缒
䋙,䌺
䋚,䌻
䋠,補
䋠,补
䋡,紓
䋡,纾
䋧,絇
䋲,縄
䋲,繩
䋲,绳
䋹,䌿
䋻,䌾
䌄,綆
䌄,䋁
䌄,绠
䌇,索
䌕,縻
䌧,紬
䌧,䌷
䌯,䙮
䍍,㲄
䍞,罭
䍧,牂
䎍,䎔
䎔,䎍
䎝,翥
䎝,䬡
䏑,炙
䏑,熫
䏗,䐴
䏫,脙
䏸,䁩
䏸,䐳
䐍,䐢
䐡,臍
䐡,𦜝
䐡,脐
䐳,䁩
䐳,䏸
䑓,台
䑓,臺
䑓,坮
䑓,㙵
䑕,鼠
䑕,鼡
䑚,甜
䑚,甛
䑝,斝
䑝,斚
䑞,舜
䑥,䑪
䑧,䒀
䑪,䑥
䑺,帆
䑺,㠶
䒀,䑧
䒂,槳
䒂,㯍
䒂,桨
䒃,造
䒃,艁
䒗,芞
䒘,荾
䒣,苒
䒭,等
䒺,堇
䓅,芹
䓑,萍
䓗,葱
䓗,蔥
䓧,亟
䓧,焏
䓷,荇
䓷,莕
䓹,饐
䓹,䬥
䔧,蔾
䕑,葰
䕖,蓀
䕖,荪
䕚,蕢
䕚,蒉
䕥,苨
䕦,萾
䕬,薑
䕯,薸
䖂,虊
䖋,虐
䖋,䨋
䖠,蚖
䖣,蚤
䖣,𧈡
䖣,䗢
䖫,蚌
䖫,蜯
䗏,螋
䗕,蜿
䗕,䖤
䗞,蚕
䗞,蠶
䗞,蝅
䗞,蠺
䗢,蚤
䗢,𧈡
䗢,䖣
䗫,蟇
䗫,蟆
䗹,蛓
䘂,䘋
䘊,蠛
䘋,䘂
䘜,巾
䘫,袽
䘮,喪
䘮,丧
䙀,繃
䙀,綳
䙀,绷
䙛,袞
䙛,衮
䙡,䙌
䙮,䌯
䙷,䙸
䙸,䙷
䙺,覝
䚀,䚁
䚀,舰
䚁,䚀
䚁,舰
䚑,䁲
䚓,瞫
䚹,䚰
䚺,謠
䚺,謡
䚺,谣
䛐,詞
䛐,词
䛒,辯
䛒,弁
䛒,辩
䛖,詍
䛛,詯
䛜,訊
䛜,訙
䛜,讯
䛦,訟
䛦,讼
䛮,倃
䛶,誄
䛶,诔
䛺,誡
䛺,诫
䛻,誘
䛻,诱
䜵,豉
䜵,䜻
䜹,酥
䜻,豉
䜻,䜵
䝂,竪
䝂,豎
䝂,竖
䝈,豟
䝘,毅
䝜,狻
䝝,猗
䝡,獌
䝡,䝢
䝢,獌
䝢,䝡
䝴,齎
䝺,貫
䝺,贯
䝾,賦
䝾,赋
䞬,透
䞼,竄
䞼,窜
䟖,趾
䟞,躕
䟞,蹰
䟢,跈
䟥,髳
䟭,阼
䟱,跡
䟱,迹
䠁,躋
䠁,跻
䠂,楚
䠂,椘
䠶,射
䡆,䡥
䡋,軝
䡌,䡏
䡏,䡌
䡑,䡻
䡒,䡘
䡘,䡒
䡥,䡆
䡺,轊
䢄,枲
䢊,遊
䢊,逰
䢎,䢋
䢜,帰
䢜,歸
䢜,皈
䢜,㱕
䢜,归
䢜,𡚖
䢠,送
䢤,述
䢪,橇
䢬,遷
䢬,迁
䢬,拪
䢯,遴
䢶,邦
䢶,峀
䢽,巷
䢽,衖
䢽,䣈
䢽,㟟
䢾,姺
䣃,卸
䣃,缷
䣈,巷
䣈,衖
䣈,䢽
䣈,㟟
䣌,邸
䣑,廛
䣑,壥
䣑,鄽
䣑,㙻
䣑,㕓
䣑,㢆
䣕,䣖
䣖,䣕
䣣,䣊
䣨,醇
䣨,醕
䣨,䣩
䣰,醵
䤛,釚
䤜,鈍
䤜,钝
䤟,鈂
䤫,鑱
䤫,镵
䤱,誓
䤴,䥁
䥁,䤴
䥅,琴
䥅,珡
䥅,琹
䥅,䥆
䥅,䦦
䥆,琴
䥆,珡
䥆,琹
䥆,䥅
䥆,䦦
䥌,証
䥌,證
䥌,䥭
䥌,证
䥐,鍪
䥙,鐆
䥚,初
䥣,鑿
䥣,凿
䥧,璿
䥫,鐵
䥫,鉄
䥫,鐡
䥫,銕
䥫,铁
䥭,證
䥭,証
䥭,䥌
䥭,证
䥱,䥾
䦇,髻
䦞,閏
䦞,閠
䦞,闰
䦟,䦷
䦦,琴
䦦,珡
䦦,琹
䦦,䥅
䦦,䥆
䦽,序
䦽,㘧
䧐,崞
䧕,域
䧕,㽣
䧕,𡌳
䧕,𢨊
䧙,陵
䧙,琌
䧚,鄗
䧟,陥
䧟,陷
䧠,鄟
䧣,陻
䧾,鵨
䨃,鷃
䨆,鷩
䨇,双
䨇,雙
䨇,㕠
䨉,鸚
䨉,鹦
䨋,虐
䨋,䖋
䨌,雹
䨌,䨔
䨎,霐
䨓,雷
䨓,靁
䨓,壨
䨖,霽
䨖,霁
䨫,霢
䨫,霡
䨭,霄
䨭,㲵
䨷,霰
䩑,鞃
䩘,䩚
䩚,䩘
䩝,鞄
䩪,䪀
䩵,韗
䪀,䩪
䪄,煌
䪅,韣
䪕,鞠
䪘,韙
䪘,韪
䪠,齏
䪠,韲
䪠,虀
䪠,䪡
䪠,䪣
䪠,齑
䪠,䪢
䪣,齏
䪣,韲
䪣,虀
䪣,䪡
䪣,䪠
䪣,齑
䪣,䪢
䫫,髏
䫫,髅
䫱,顬
䫱,颥
䬗,颺
䬗,飏
䬚,颿
䬜,魑
䬥,饐
䬥,䓹
䬩,斎
䬩,齋
䬩,斋
䬩,㪰
䬩,夈
䬭,饕
䬺,䭥
䬺,䭐
䭓,䅱
䭗,䭘
䭘,䭗
䭚,噇
䭛,饏
䭥,䬺
䭥,䭐
䭽,群
䭽,羣
䮇,驈
䮍,褭
䮛,駙
䮛,驸
䮻,禂
䮼,驎
䮿,騫
䮿,骞
䯀,䯅
䯎,骭
䯐,骸
䯝,髄
䯝,髓
䯝,膸
䯬,嚲
䯬,亸
䰅,䰑
䰋,鬘
䰍,髹
䰍,髤
䰑,䰅
䰣,蛧
䰣,蝄
䰨,魅
䰨,鬽
䱆,鱦
䱧,鱔
䱧,鳝
䱨,鯯
䱨,䱥
䱫,鯻
䱷,䲣
䲄,鰵
䲄,鳘
䲍,鰧
䲵,雀
䳀,鴩
䳁,䳊
䳃,鸳
䳊,䳁
䳭,𪃹
䳶,鸂
䳶,㶉
䳼,鴎
䳼,鸥
䳼,鷗
䳽,鶴
䳽,鸖
䳽,鶴
䳽,鹤
䴎,鸓
䴒,鴒
䴒,鸰
䴬,䄩
䴿,䵆
䵅,熬
䵆,䴿
䵓,犂
䵓,犁
䵖,䵛
䵛,䵖
䵯,畽
䵸,鼀
䶔,𪗩
䶚,齲
䶚,龋
䶛,𪗿
䶛,𪙂
䶝,𪘘
䶠,䶢
䶢,䶠
䶧,齩
䶯,𡤞
龟,亀
龟,龜
龙,龍
龙,竜
龙,龒
龙,㡣
齿,歯
齿,齒
鸟,鳥
鱼,魚
马,馬
飞,飛
风,風
风,飌
风,凬
风,凮
风,凨
页,頁
韦,韋
门,門
门,閅
长,長
长,镸
长,兏
长,仧
车,車
贝,貝
见,見
饣,飠
訁,讠
讠,訁
糹,纟
纟,糹
阄,䦰
阄,鬮
阄,䰗
咙,嚨
泷,瀧
泷,滝
庞,龐
庞,龎
庞,厐
笼,籠
笼,篭
袭,襲
袭,㦻
龚,龔
垄,壟
垄,壠
垄,垅
珑,瓏
聋,聾
聋,䏊
詟,讋
龛,龕
䶮,龑
昽,曨
眬,矓
胧,朧
陇,隴
陇,𨻫
厐,龎
厐,龐
厐,庞
宠,寵
栊,櫳
栊,槞
栊,㰍
砻,礱
砻,礲
茏,蘢
㐷,傌
㐽,偑
㑔,㑯
㚯,㜄
㛣,㜏
㛣,妘
㭏,椲
㭤,樢
㱮,殨
㶉,鸂
㶉,䳶
䂵,碽
䙌,䙡
䞐,賰
䣒,隤
䦷,䦟
䩄,靦
䩄,腼
䲟,鮣
䲠,鰆
䲡,鰌
䴓,鳾
䴔,鵁
䴕,鴷
䴖,鶄
䴗,鶪
䴗,鵙
䴘,鷈
䴙,鷿
䴙,鸊
们,們
伟,偉
伡,俥
伣,俔
伣,悓
伥,倀
侦,偵
侧,側
侪,㑪
侪,儕
债,債
倾,傾
傤,儎
军,軍
冯,馮
剂,剤
剂,劑
勋,勛
勋,勲
勋,勳
匦,匭
匮,匱
厍,厙
厕,厠
厕,廁
吗,嗎
呗,唄
呗,㗑
员,員
员,貟
员,贠
唝,嗊
啧,嘖
啮,噛
啮,嚙
嘤,嚶
噜,嚕
嚣,囂
嚣,嚻
围,圍
围,囲
坝,垻
埙,塤
埙,壎
埙,坃
埙,壦
堑,塹
堑,壍
堑,㟻
妈,媽
娴,嫻
娴,嫺
娴,㛠
婴,嬰
婴,孆
媭,嬃
宽,寛
宽,寬
屃,屓
屃,屭
岘,峴
岚,嵐
岚,㞩
崭,嶄
崭,嶃
帏,幃
帐,帳
帧,幀
帧,㡠
帻,幘
库,庫
庼,廎
张,張
怅,悵
恻,惻
恽,惲
悯,憫
惭,慚
惭,慙
惯,慣
愦,憒
戆,戇
戆,戅
扪,捫
拢,攏
挥,揮
损,損
掼,摜
搁,擱
搅,撹
搅,攪
撵,攆
撷,擷
撷,㩪
撸,擼
攒,攢
攒,攅
斓,斕
斩,斬
晕,暈
晖,暉
暂,暫
杩,榪
枧,梘
枨,棖
枫,楓
桢,楨
椝,槼
椝,規
椝,规
椝,䂓
椠,槧
槚,檟
樱,櫻
樱,桜
橹,櫓
橹,樐
橹,㯭
殒,殞
氇,氌
氇,𣱀
㘚,㘎
㘎,㘚
䝼,䞍
䞍,䝼
䦛,䦶
䦶,䦛
䲣,䱷
釒,钅
钅,釒
丽,麗
丽,䴡
丽,婯
亷,廉
亷,廉
亷,㢘
倐,倏
叐,犮
咅,㕻
咅,哣
咅,㖣
咞,哯
喏,㘃
喻,喩
嗂,陶
嘰,叽
噄,喫
噇,䭚
噠,哒
噱,㖸
囶,国
囶,圀
囶,國
囶,囻
囶,囯
囶,䆐
圗,図
圗,圖
圗,图
墍,塈
壠,垅
壠,壟
壠,垄
壡,叡
壡,睿
壡,㲊
姬,姫
姬,姬
姬,㚦
婧,婙
媺,嬍
宐,宜
宐,冝
宐,㝖
崪,崒
巃,巄
幙,幕
庬,厖
庻,庶
庾,𢈔
彐,彑
录,彔
暳,㬩
槤,梿
氎,㲲
汶,渂
泻,瀉
泻,㵼
湼,涅
湼,𣵀
滛,淫
漨,浲
澘,潸
澠,渑
澾,㳠
濄,㳡
瀇,㲿
瀐,瀸
瀓,澄
瀓,澂
瀡,㵦
瀢,濻
焏,亟
焏,䓧
煺,㷟
熖,焔
熖,焰
熖,燄
熖,㷔
燓,焚
燓,㷊
爗,㒯
爗,㷸
爗,燁
爗,烨
爤,爛
爤,烂
犮,叐
畡,垓
皍,即
皍,卽
眫,眯
祮,祰
祮,禞
禂,䮻
类,類
类,類
粦,㷠
藂,叢
藂,樷
藂,丛
褳,裢
譡,讜
譡,谠
贜,贓
贜,賍
贜,赃
贜,賘
頋,顧
頋,顾
餶,馉
餿,馊
﨑,崎
﨑,嵜
﨑,㟢
㐪,亥
㑂,仿
㑤,媌
㓗,潔
㔰,恒
㔰,恆
㕓,廛
㕓,壥
㕓,鄽
㕓,㙻
㕓,䣑
㕓,㢆
㕛,友
㕜,史
㕯,吶
㕯,呐
㗖,啖
㗖,啗
㘴,坐
㘴,㘸
㙄,陛
㚈,升
㚢,侮
㚢,侮
㚢,㑄
㝸,覍
㟟,巷
㟟,衖
㟟,䢽
㟟,䣈
㠶,帆
㠶,䑺
㡛,㡃
㡛,㡆
㢢,弊
㢴,西
㢴,卥
㢴,卤
㤺,慌
㨗,捷
㨗,掶
㨿,拠
㨿,據
㨿,㩀
㫴,哮
㮮,桔
㱏,正
㲊,叡
㲊,睿
㲊,壡
㳟,恭
㳟,𢙄
㳟,𢚈
㳤,淑
㴞,滔
㷔,焔
㷔,焰
㷔,燄
㷔,熖
㷟,煺
㸂,燧
㸂,煫
㺃,狗
㺚,獺
㺚,獭
㿂,癥
䁈,䁉
䂖,石
䄏,祅
䄒,稔
䄠,禅
䄠,禪
䏊,聾
䏊,聋
䒩,萂
䒱,蒸
䓵,蓲
䕾,荶
䖟,虻
䖟,蝱
䘍,蠆
䘍,虿
䙝,褻
䙝,亵
䚰,䚹
䝨,賢
䝨,贒
䝨,贤
䢋,䢎
䢐,徂
䢫,随
䢫,隨
䥬,鑮
䫝,馥
䬪,餺
䬪,馎
䭐,䬺
䭐,䭥
䳱,鶩
䳱,鹜
䳱,𨾣
彚,彙
彚,汇
煒,炜
燁,㒯
燁,㷸
燁,爗
燁,烨
虁,夔
虁,蘷
逺,遠
逺,远
㔺,世
㔺,丗
㔺,卋
㷱,熊
沨,渢
浈,湞
测,測
济,済
济,濟
济,㴉
浑,渾
涟,漣
涠,潿
涢,溳
涧,澗
涧,㵎
涨,漲
渍,漬
渐,漸
渑,澠
渔,漁
溃,潰
滪,澦
澛,滷
澛,瀂
澜,瀾
濒,瀕
灏,灝
炜,煒
烦,煩
焖,燜
犸,獁
狈,狽
玛,瑪
玮,瑋
现,現
珲,琿
琏,璉
璎,瓔
璎,珱
瓒,瓚
瓒,瓉
疯,瘋
瘿,癭
癣,癬
皲,皹
皲,皸
瞆,瞶
码,碼
砗,硨
砚,硯
砜,碸
硕,碩
碛,磧
祃,禡
祎,禕
祯,禎
祯,禎
稣,穌
穞,穭
窎,窵
窥,窺
笃,篤
笃,䔍
笕,筧
筼,篔
筼,䉙
简,簡
箦,簀
篑,簣
罂,罌
罂,甖
罂,甇
羁,羈
羁,覊
翚,翬
聩,聵
胀,脹
腻,膩
腻,𧸐
腻,𦡸
腾,騰
臜,臢
舆,輿
舆,轝
舰,䚀
舰,䚁
苇,葦
苋,莧
苌,萇
茑,蔦
荝,萴
荠,萕
荠,薺
荤,葷
莲,蓮
莲,蓮
蒇,蕆
蒉,蕢
蒉,䕚
蓟,薊
蓣,蕷
蓦,驀
蔺,藺
藓,蘚
蚂,螞
蚬,蜆
袆,褘
裈,褌
裈,裩
裢,褳
裤,褲
裥,襇
襕,襴
襕,襽
观,観
观,觀
观,覌
觃,覎
规,規
规,䂓
规,槼
规,椝
觅,覓
觅,覔
视,視
视,視
视,眎
觇,覘
觉,覚
觉,覺
觉,覐
觉,斍
觋,覡
觍,覥
觎,覦
觏,覯
觐,覲
觑,覰
觑,覻
觑,覷
觑,䁦
訚,誾
贞,貞
负,負
贠,貟
贠,員
贠,员
贡,貢
财,財
财,戝
财,㒲
责,責
贤,賢
贤,贒
贤,䝨
败,敗
败,贁
货,貨
质,貭
质,質
质,儨
专,専
专,專
丛,叢
丛,樷
丛,藂
东,東
丝,絲
丝,糸
严,厳
严,嚴
丧,喪
丧,䘮
临,臨
举,挙
举,擧
举,舉
举,㪯
乌,烏
乐,楽
乐,樂
乐,㦡
习,習
乡,郷
乡,鄕
乡,鄉
乡,鄊
书,書
买,買
亚,亞
亚,亜
产,産
产,產
亩,畝
亩,畆
亩,畒
亩,畞
亩,㽗
亩,畮
亩,𤰖
亵,褻
亵,䙝
亸,嚲
亸,䯬
亿,億
仑,侖
仓,倉
仓,仺
仦,仯
仪,儀
伞,傘
伞,仐
传,傳
传,伝
伤,傷
伦,倫
伧,傖
伪,偽
伪,僞
伫,佇
佥,僉
侣,侶
侥,僥
侥,徺
侨,僑
侬,儂
俨,儼
俨,𠑊
俩,倆
俩,𠈓
俪,儷
俪,㒧
俭,儉
俭,倹
值,値
偿,償
储,儲
傩,儺
贩,販
贪,貪
贫,貧
贬,貶
贮,貯
贯,貫
贯,䝺
贰,貳
贰,弐
贰,貮
贰,㒃
贳,貰
贴,貼
贵,貴
贵,䝿
贶,貺
贷,貸
贸,貿
费,費
贺,賀
贻,貽
贼,賊
贼,戝
贾,賈
贿,賄
赀,貲
赁,賃
赂,賂
赃,賍
赃,贓
赃,贜
赃,賘
资,資
赅,賅
赇,賕
赈,賑
赊,賒
赊,賖
赋,賦
赋,䝾
赌,賭
赍,賫
赍,賷
赏,賞
赐,賜
赑,贔
赒,賙
赓,賡
赔,賠
赕,賧
赖,賴
赖,頼
赗,賵
赘,贅
赙,賻
赚,賺
赛,賽
赜,賾
赝,贋
赝,贗
赞,贊
赞,賛
赟,贇
赠,贈
赠,贈
赡,贍
赢,贏
赣,贛
赣,贑
赪,頳
赪,赬
赪,䞓
赪,緽
趱,趲
躏,躪
躏,躙
躜,躦
轧,軋
轨,軌
轨,䡄
轩,軒
轪,軑
轪,軚
轫,軔
轭,軛
轭,軶
软,軟
软,輭
轱,軲
轲,軻
轴,軸
轵,軹
轶,軼
轷,軤
轸,軫
兰,蘭
兰,蘭
兽,獣
兽,獸
兿,芸
兿,藝
兿,艺
冁,囅
农,農
农,辳
农,䢉
农,欁
冻,凍
净,凈
凣,凡
凣,凢
凨,風
凨,飌
凨,凬
凨,凮
凨,风
凫,鳧
凫,鳬
凯,凱
击,擊
击,撃
凿,鑿
凿,䥣
剀,剴
剑,剣
剑,劍
剑,劎
剑,劔
剑,劒
剑,剱
剑,釼
剑,釰
剑,𠝏
剧,劇
劏,㓥
㓥,劏
务,務
劢,勱
动,動
协,協
单,単
单,單
卖,売
卖,賣
卢,盧
卫,衛
卫,衞
厅,庁
厅,厛
厅,廳
厅,㕔
厅,廰
历,歴
历,歷
历,厯
压,圧
压,壓
厌,厭
厛,庁
厛,厅
厛,廳
厛,㕔
厛,廰
厢,廂
厣,厴
县,県
县,縣
叆,靉
叇,靆
变,変
变,變
变,㣐
叜,叟
叽,嘰
呒,嘸
呓,囈
呖,嚦
呙,咼
呛,嗆
呜,嗚
咛,嚀
咝,噝
噝,咝
哌,呱
哑,啞
哑,唖
哒,噠
哓,嘵
哔,嗶
哕,噦
哗,嘩
哜,嚌
哝,噥
哟,喲
唛,嘜
唠,嘮
唡,啢
唢,嗩
唣,唕
唤,喚
轺,軺
轼,軾
载,載
轾,輊
轾,䡹
辀,輈
辁,輇
辂,輅
较,較
较,䡈
辄,輒
辄,輙
辅,輔
辇,輦
辈,輩
辈,軰
辉,輝
辊,輥
辋,輞
辌,輬
辍,輟
辎,輜
辎,輺
辏,輳
辐,輻
辑,輯
辒,輼
输,輸
辕,轅
辖,轄
辗,輾
辘,轆
辙,轍
辚,轔
违,違
连,連
遗,遺
郓,鄆
郧,鄖
郧,䢵
酂,酇
酂,鄼
錾,鏨
闩,閂
闪,閃
闫,閆
闫,阎
闫,閻
闬,閈
闭,閉
闭,閇
问,問
闰,閏
闰,閠
闰,䦞
闲,閑
闳,閎
间,間
间,閒
闵,閔
闶,閌
闷,悶
闷,㥃
闸,閘
闹,閙
闹,鬧
闺,閨
闻,聞
闻,𥹢
闽,閩
阀,閥
阁,閣
阂,閡
阃,閫
阅,閲
阅,閱
阆,閬
阇,闍
阈,閾
阉,閹
阉,剦
阊,閶
阋,䦧
阋,鬩
阌,閿
阌,閺
阍,閽
阎,閻
阎,閆
阎,闫
阏,閼
阑,闌
阒,闃
阒,閴
阔,闊
阔,濶
阔,𤄃
阔,䦢
阕,闋
阖,闔
阗,闐
阘,闒
阙,闕
阚,闞
阛,闤
阵,陣
陨,隕
靓,靚
韧,韌
啬,嗇
啭,囀
啯,嘓
啰,囉
啴,嘽
啸,嘯
啸,嘨
啸,歗
喷,噴
喷,喯
喽,嘍
喾,嚳
喾,俈
嗫,囁
韨,韍
韩,韓
韪,韙
韪,䪘
韫,韞
韫,鞰
韬,韜
韬,鞱
顶,頂
顷,頃
顸,頇
项,項
顺,順
顺,㥧
须,須
顼,頊
顽,頑
顾,顧
顾,頋
顿,頓
颀,頎
颁,頒
颂,頌
嗳,噯
嚒,麼
嚒,麽
嚒,庅
嚒,尛
囵,圇
图,図
图,圖
图,圗
圹,壙
场,場
场,塲
场,㘯
坜,壢
坞,塢
坟,墳
坟,隫
坠,墜
垆,壚
垆,𡉴
垇,坳
垇,㘭
垫,墊
垭,埡
垯,墶
墶,垯
垱,壋
壋,垱
垲,塏
垴,堖
堖,垴
垵,埯
埘,塒
埚,堝
埛,坰
埛,垧
堓,岸
堓,㟁
塆,壪
壪,塆
塈,墍
墙,牆
墙,墻
壶,壺
壶,壷
壶,壸
壸,壺
壸,壷
壸,壶
夑,燮
夑,爕
夑,㸉
头,頭
夺,奪
奁,奩
奁,匳
奁,籢
奁,匲
奂,奐
奖,奬
奖,奨
奖,獎
奖,㢡
妩,嫵
妪,嫗
妫,嬀
妫,媯
媯,妫
媯,嬀
姗,姍
姗,㛽
娅,婭
颃,頏
预,預
领,領
颇,頗
颈,頸
颈,頚
颉,頡
颊,頬
颊,頰
颋,頲
颌,頜
颍,潁
颎,熲
娆,嬈
娇,嬌
娈,孌
娈,㜻
娲,媧
婳,嫿
婵,嬋
婶,嬸
媫,婕
媮,婾
嫒,嬡
嫓,媲
嫔,嬪
嫔,娦
嫱,嬙
嬷,嬤
孓,孒
颏,頦
颐,頤
颐,頥
颐,顊
频,頻
频,頻
颒,頮
颓,頹
颓,頽
颓,頺
颔,頷
颕,頴
颕,穎
颕,颖
颖,穎
颖,頴
颖,颕
颗,顆
题,題
颙,顒
颚,顎
颛,顓
颜,顔
颜,顏
额,額
额,頟
颠,顛
颠,顚
颠,傎
颠,㒹
孙,孫
孪,孿
孪,㝈
审,審
审,宷
宾,賓
宾,賓
宾,賔
寻,尋
导,導
尝,嘗
尝,甞
尧,尭
尧,堯
尴,凲
尴,尲
尴,尶
尴,尷
尴,魐
层,層
层,層
屦,屨
屿,嶼
屿,㠘
岁,歳
岁,歲
岁,嵗
岁,亗
岂,豈
岖,嶇
岖,岴
岗,崗
岙,嶴
岛,島
岛,嶋
岛,嶌
岛,嶹
岛,㠀
岽,崠
岽,崬
岿,巋
峃,嶨
峄,嶧
峄,峄
峢,峛
峣,嶢
峣,嶤
峣,𡸳
峤,嶠
峤,㠐
峥,崢
崂,嶗
崃,崍
崄,嶮
崄,𡸴
崬,岽
崬,崠
崯,崟
崯,㖗
嵘,嶸
嵘,峵
嵚,嶔
嵝,嶁
嵝,㟺
巔,巓
巔,嵮
巔,巅
颡,顙
颡,䫙
颢,顥
颣,纇
颤,顫
颥,顬
颥,䫱
颦,顰
颧,顴
飏,颺
飏,䬗
飐,颭
飑,颮
飒,颯
飒,䬃
飓,颶
飓,𩗗
飔,颸
飕,颼
飕,䬒
飖,颻
飖,䬙
飗,飀
飗,飅
飘,飄
飘,飃
飙,飆
飙,飇
飙,飈
飙,飚
飙,飊
飚,飈
飚,飆
飚,飙
飚,飇
飚,飊
驭,馭
驮,馱
驮,駄
驮,䭾
驯,馴
驰,馳
驱,駆
驱,驅
驱,駈
驲,馹
驳,駁
驴,馿
驴,驢
驶,駛
驷,駟
驸,駙
驸,䮛
驹,駒
驻,駐
驼,駝
驼,駞
驽,駑
驾,駕
骀,駘
骂,駡
骂,罵
骃,駰
骆,駱
骇,駭
骈,駢
骈,騈
骉,驫
骋,騁
骋,𩧢
骍,騂
骎,駸
骏,駿
骐,騏
骑,騎
骒,騍
骓,騅
骔,騌
骔,騣
骗,騙
骘,騭
骘,隲
骙,騤
骚,騷
骚,騒
骛,騖
骜,驁
骝,騮
骝,駵
骝,驑
骝,駠
骝,𩥖
骞,騫
骞,䮿
巯,巰
巰,巯
帜,幟
帜,旘
帱,幬
帼,幗
庅,麼
庅,麽
庅,嚒
庅,尛
庆,慶
庑,廡
应,應
应,応
废,廢
废,廃
廵,巡
弪,弳
弳,弪
弹,彈
弹,弾
彂,發
彂,発
彂,发
彟,蒦
彟,彠
彨,彲
彻,徹
徺,僥
徺,侥
忆,憶
态,㑷
态,態
怂,慫
怃,憮
怃,㒇
怄,慪
怆,愴
怆,獊
总,總
总,総
总,緫
总,摠
总,揔
总,捴
总,搃
怼,懟
怿,懌
怿,𢗜
恶,惡
恶,悪
恶,僫
恶,𢙣
恸,慟
恸,憅
恹,懨
恹,懕
恹,㦔
恺,愷
恼,惱
恼,悩
悫,慤
悫,愨
悬,懸
悭,慳
惫,憊
惬,愜
惬,㥦
愤,憤
慑,懾
懑,㦖
懑,懣
懑,𢡛
懒,懶
戋,戔
戏,戲
戏,戯
戏,戱
扩,擴
扩,拡
扩,㨯
扫,掃
扬,揚
扬,敭
抟,摶
抟,㩛
抠,摳
抡,掄
抢,搶
护,護
护,謢
拀,柷
拣,揀
拥,擁
拥,㨣
拦,攔
拧,擰
拨,撥
择,擇
择,択
挚,摯
挛,攣
挜,掗
挝,撾
挞,撻
挠,撓
挡,擋
挢,撟
挣,掙
挦,撏
捝,挩
捞,撈
捞,𢭐
骟,騸
骠,驃
骡,騾
骡,驘
骢,驄
骢,騘
骣,驏
骤,驟
骥,驥
骥,蘎
骥,龮
骥,𩦸
骦,驦
骧,驤
鬶,鬹
鱽,魛
鱿,魷
鲀,魨
鲁,魯
鲂,魴
鲄,魺
鲅,鮁
鲆,鮃
鲇,鮎
鲉,鮋
鲊,鮓
鲋,鮒
鲌,鮊
鲍,鮑
鲏,鮍
鲐,鮐
捡,撿
捡,𢮦
换,換
捣,搗
掳,擄
掶,捷
掶,㨗
掷,擲
掸,撣
掺,摻
揽,攬
揿,撳
揿,搇
搀,攙
搂,摟
搃,總
搃,総
搃,緫
搃,摠
搃,揔
搃,捴
搃,总
搄,揯
摄,攝
摄,摂
摅,攄
摆,擺
摇,揺
摇,搖
摇,㨱
摈,擯
摊,攤
摊,擹
撺,攛
擜,㩵
擞,擻
敚,敓
敛,斂
敛,㪘
敪,敠
旷,曠
旷,昿
旸,暘
显,顕
显,顯
显,㫫
晓,曉
晓,暁
晓,皢
晔,曄
晔,曅
晔,曗
暧,曖
杂,雜
杂,雑
杂,襍
杨,楊
枥,櫪
枪,槍
枭,梟
枭,䲷
枭,鴵
栆,棗
栆,枣
标,標
栈,棧
栈,桟
栉,櫛
栋,棟
栌,櫨
栌,枦
栎,櫟
栎,檪
栏,欄
栏,欄
树,樹
桞,柳
桞,桺
桞,𫞉
桞,栁
桞,橮
桠,椏
桠,𬂲
桡,橈
桡,𣓤
桤,榿
桥,橋
桥,槗
桥,𣘺
桦,樺
桨,槳
桨,㯍
桨,䒂
桪,樳
梾,棶
检,檢
检,検
棂,櫺
棂,欞
棂,㯪
椟,櫝
椤,欏
椫,樿
椭,楕
椭,橢
椭,㯐
椭,㰐
垅,壠
垅,壟
垅,垄
椮,槮
巅,巔
巅,巓
巅,嵮
榄,欖
榄,㰖
㨈,擠
㨈,挤
挤,擠
挤,㨈
梿,槤
榇,櫬
榇,藽
䝲,赆
䝲,贐
䝲,賮
赆,䝲
赆,贐
赆,賮
魢,鱾
榈,櫚
鱾,魢
䰾,鲃
榉,欅
榉,櫸
榉,﨔
鲃,䰾
閳,闡
閳,阐
阐,闡
阐,閳
欢,歡
欢,歓
歼,殲
歼,殱
闯,闖
殇,殤
闱,闈
闼,闥
闾,閭
殓,殮
殓,㱨
闿,闓
阓,闠
殚,殫
殡,殯
毂,轂
毕,畢
队,隊
阶,階
阶,堦
毙,斃
鲑,鮭
鲒,鮚
鮳,鲓
鲓,鮳
鲔,鮪
鲕,鮞
鲖,鮦
鲘,鮜
鲛,鮫
鲜,鮮
鲜,赻
鲝,鮺
鲞,鮝
鲞,鯗
鲠,鯁
鲤,鯉
鲧,鯀
鲧,鮌
鲨,鯊
鲨,鯋
鲩,鯇
鲪,鮶
鲫,鯽
鲬,鯒
鲭,鯖
鲮,鯪
鲯,鯕
鲰,鯫
鲱,鯡
鲲,鯤
鲳,鯧
鲳,䱽
鲳,䲝
鲴,鯝
鲵,鯢
鲶,鯰
鲷,鯛
鲷,鮉
鲸,鯨
鲹,鯵
鲹,鰺
鲻,鯔
毵,毿
氞,氝
氢,氫
氩,氬
汉,漢
汉,漢
汉,㵄
汤,湯
沣,灃
沤,漚
沥,瀝
沦,淪
沧,滄
沩,潙
沩,溈
溈,沩
溈,潙
泶,澩
泶,㶅
泸,瀘
泺,濼
泼,潑
泼,溌
泽,澤
泽,沢
泾,涇
浆,漿
浇,澆
浉,溮
浍,澮
浏,瀏
浐,滻
浒,滸
浓,濃
际,際
浔,潯
浕,濜
涚,涗
涝,澇
涞,淶
涡,渦
涣,渙
涤,滌
鯴,鲺
鲺,鯴
陆,陸
陈,陳
陈,塦
陈,軙
陉,陘
陧,隉
险,險
险,険
难,難
难,難
雠,讎
雠,讐
涩,歮
涩,渋
涩,澁
涩,澀
雾,霧
雾,霚
渌,淥
渎,凟
渎,涜
渎,瀆
渏,漪
渖,瀋
湹,瀍
溁,濚
溁,濴
溁,瀯
溅,濺
溆,漵
溆,潊
雳,靂
溇,漊
霁,霽
霁,䨖
溊,波
滟,灧
滟,灩
滟,灎
滟,灔
霭,靄
滠,灄
满,滿
满,満
靔,靝
滢,瀅
靥,靨
滤,濾
滤,沪
滥,濫
滦,灤
滨,濱
滨,浜
滨,濵
滩,灘
鞑,韃
鞒,鞽
潆,瀠
鞯,韉
潇,瀟
颅,顱
颅,髗
潈,潀
潈,潨
潈,灇
潊,溆
潊,漵
潋,瀲
潍,濰
澙,潟
澝,濘
濑,瀨
濑,瀬
濲,瀔
濵,濱
濵,浜
濵,滨
灜,瀛
灭,滅
灭,㓕
灿,燦
炀,煬
炝,熗
炼,煉
炽,熾
烁,爍
烂,爤
烂,爛
烃,烴
烧,燒
烧,焼
烨,㒯
烨,㷸
烨,爗
烨,燁
颞,顳
烩,燴
颟,顢
烫,燙
烮,烈
烮,煭
飊,飆
飊,飙
飊,飇
飊,飈
飊,飚
飨,饗
餍,饜
餎,饹
饹,餎
焕,煥
焕,烉
餏,饻
饻,餏
餙,飾
餙,饰
餙,餝
饰,飾
饰,餝
饰,餙
餷,馇
馇,餷
熗,炝
饃,馍
馍,饃
燶,㶶
㶶,燶
燷,燣
饢,馕
馕,饢
饤,飣
爷,爺
饦,飥
牍,牘
饧,餳
饨,飩
牵,牽
牵,撁
牺,犧
牺,犠
饩,餼
饪,飪
饪,餁
饪,㶵
犊,犢
犊,㸿
鲽,鰈
鲾,鰏
鳀,鯷
鳁,鰛
鳁,鰮
鳂,鰃
鳃,鰓
鳄,鰐
鳄,鱷
鳅,鰍
鳆,鰒
鳇,鰉
鳈,鰁
鳊,鯿
鳋,鰠
鳌,鰲
鳌,鼇
鳍,鰭
鳎,鰨
鳎,鮙
鳏,鰥
鳏,𩻄
鳐,鰩
鳑,鰟
鳒,鰜
鳓,鰳
鳔,鰾
鳕,鱈
鳖,鼈
鳖,龞
鳖,鱉
鳗,鰻
鳘,鰵
鳘,䲄
鳙,鱅
鳚,䲁
鳛,鰼
鳜,鱖
鳝,鱔
鳝,䱧
鳞,鱗
鳟,鱒
鳠,鱯
鳡,鱤
鳢,鱧
鳣,鱣
鸠,鳩
鸡,鳮
鸢,鳶
鸣,鳴
鸤,鳲
鸥,鴎
鸥,鷗
鸥,䳼
鸦,鴉
鸦,鵶
鸦,𩿎
鸨,鴇
鸩,鴆
鸪,鴣
鸭,鴨
鸮,鴞
鸯,鴦
鸰,鴒
鸰,䴒
鸱,鴟
鸲,鴝
鸳,䳃
鸴,鴬
鸴,鶯
鸴,鸎
鸴,鷪
鸴,莺
鸵,鴕
鸸,鴯
鸹,鴰
鸺,鵂
鸻,鴴
鸼,鵃
鸽,鴿
鸽,䧻
鸾,鵉
鸾,鸞
鸿,鴻
鸿,䲨
鹀,鵐
鹁,鵓
鹃,鵑
鹄,鵠
鹅,鵝
鹅,鵞
鹅,䳘
鹆,鵒
鹈,鵜
鹉,鵡
鹊,鵲
鹊,䧿
鹋,鶓
鹌,鵪
鹌,鶕
鹌,䨄
鹍,鵾
鹎,鵯
鹏,鵬
鹐,鵮
鹑,鶉
鹑,㝇
鹒,鶊
鹓,鵷
鹕,鶘
犷,獷
狝,獮
狞,獰
狮,獅
狯,獪
狰,猙
狱,獄
狲,猻
猃,獫
猡,玀
獭,獺
獭,㺚
玑,璣
玑,㼄
玙,璵
玚,瑒
环,環
玱,瑲
珰,璫
琎,璡
琐,瑣
琐,琑
瑷,璦
瑸,璸
电,電
畅,暢
疖,癤
疗,療
疟,瘧
疡,瘍
疬,癧
疭,瘲
疮,瘡
痈,癰
痈,癕
痈,㿈
痉,痙
痖,瘂
痨,癆
痪,瘓
痫,癇
痫,癎
瘅,癉
瘆,瘮
瘗,瘞
瘪,癟
瘪,㿜
瘫,癱
瘾,癮
癞,癩
癫,癲
皑,皚
皼,鼓
皼,皷
皼,鼔
盏,盞
盏,𥁫
盐,塩
盐,鹽
盐,䀋
盐,𦣪
监,監
盘,盤
盘,鎜
眍,瞘
睐,睞
睑,瞼
睑,𥇥
瞒,瞞
瞒,𥈞
矈,矏
矫,矯
矶,磯
矾,礬
矿,礦
矿,砿
砀,碭
砖,磚
砾,礫
砾,䃯
础,礎
硁,硜
硖,硤
硗,磽
硙,磑
硚,礄
鹖,鶡
鹗,鶚
鹘,鶻
鹙,鶖
鹚,鷀
鹚,鶿
鹛,鶥
鹜,鶩
鹜,䳱
鹜,𨾣
鹝,鷊
鹞,鷂
鹟,鶲
鹠,鶹
鹡,鶺
鹣,鶼
鹤,鶴
鹤,鸖
鹤,䳽
鹤,鶴
鹥,鷖
鹧,鷓
鹨,鷚
鹩,鷯
鹪,鷦
鹫,鷲
鹬,鷸
鹭,鷺
鹭,鴼
鹮,䴉
鹮,䴋
硵,磠
硶,磣
硶,碜
碜,磣
碜,硶
礄,硚
礅,䃦
祍,衽
祍,袵
祸,禍
祸,禍
祸,旤
祸,䄀
禆,裨
饫,飫
饫,秗
饬,飭
饭,飯
饭,飯
饭,飰
饮,飲
饮,飮
饮,㱃
饮,淾
饯,餞
饯,䬻
饱,飽
饲,飼
饲,飼
饲,飤
饳,飿
饴,飴
饵,餌
饵,㢽
秃,禿
秽,穢
秾,穠
稳,穩
稳,穏
稳,㝧
穑,穡
穑,穯
穯,穑
穯,穡
窍,竅
窍,䆻
窜,竄
窜,䞼
窝,窩
窦,竇
窭,窶
竖,竪
竖,豎
竖,䝂
竞,競
竞,竸
笺,箋
笺,䇳
笾,籩
筚,篳
筛,篩
筛,籭
筜,簹
签,簽
箧,篋
箧,匧
箨,籜
箩,籮
箫,簫
箫,簘
箫,𪛕
篓,簍
篮,籃
篯,籛
簖,籪
簮,簪
籁,籟
饶,饒
饶,𩜙
饷,餉
饷,䊑
饸,餄
饺,餃
饼,餅
饼,餠
饽,餑
饾,餖
饿,餓
馀,餘
馀,余
粪,糞
馁,餒
馂,餕
粬,麹
粬,麴
粬,麯
粵,粤
馃,餜
馄,餛
馅,餡
糁,糝
馆,館
馆,館
馆,舘
糭,粽
糭,糉
馈,饋
馉,餶
馊,餿
馋,饞
馌,饁
紧,緊
絷,縶
緐,繁
緐,繁
緐,䋣
馎,餺
馎,䬪
馏,餾
馐,饈
馑,饉
馒,饅
馓,饊
馓,糤
馔,饌
驺,騶
驿,驛
驿,駅
骁,驍
骄,驕
骅,驊
骊,驪
验,驗
验,験
验,騐
骕,驌
骖,驂
髅,髏
髅,䫫
髋,髖
髌,髕
髌,臏
髌,膑
鬓,鬢
鬓,髩
鬓,鬂
鬝,鬜
魇,魘
魇,㱘
魉,魎
緓,绬
绬,緓
緔,绱
绱,緔
緾,纏
緾,纒
緾,缠
纄,蓬
纄,蘕
鯍,䲛
纠,糾
纠,糺
纡,紆
纡,䊸
红,紅
纣,紂
纤,纖
纤,繊
纤,纎
纥,紇
约,約
鲈,鱸
鲈,魲
级,級
鲎,鱟
鲗,鰂
纨,紈
纩,纊
纩,絋
纪,紀
纫,紉
纬,緯
纭,紜
纮,紘
纮,綋
纯,純
纯,𥾑
纯,㝄
纰,紕
纱,紗
纲,綱
纲,㭃
纳,納
纴,紝
纴,絍
纵,縱
纵,縦
纶,綸
纷,紛
纸,紙
纸,帋
纹,紋
纺,紡
纻,紵
纼,紖
纽,紐
纾,紓
纾,䋡
线,綫
线,線
线,缐
绀,紺
绁,紲
绁,絏
绂,紱
练,練
练,練
组,組
绅,紳
细,細
织,織
织,𦀗
终,終
绉,䋓
绉,縐
绊,絆
鲙,鱠
绋,紼
绌,絀
绍,紹
绍,綤
绎,繹
鲚,鱭
鲚,鮆
经,經
经,経
经,坕
鲟,鱘
鲡,鱺
绐,紿
绐,緿
鲢,鰱
鲣,鰹
鲥,鰣
鲦,鰷
鲦,䱔
鲼,鱝
鲿,鱨
鳉,鱂
绑,綁
绒,絨
结,結
绔,絝
绕,繞
绖,絰
绗,絎
绘,絵
绘,繪
给,給
绚,絢
绛,絳
络,絡
绝,絕
绝,絶
绞,絞
统,統
统,綂
绠,綆
绠,䋁
绠,䌄
绡,綃
绢,絹
绣,綉
绣,繍
绣,繡
绤,綌
绥,綏
绦,縧
绦,絛
继,繼
继,継
继,㡭
绨,綈
鸧,鶬
绩,績
鸫,鶇
鸬,鸕
鸶,鷥
绪,緒
绪,緖
鸷,鷙
绫,綾
鹂,鸝
续,続
续,續
绮,綺
鹇,鷳
鹇,鷴
鹇,鷼
鹔,鷫
绯,緋
绰,綽
绲,緄
鹢,鷁
绳,繩
绳,縄
绳,䋲
鹦,鸚
鹦,䨉
鹾,鹺
维,維
黉,黌
绵,綿
绵,緜
绵,㮌
黡,黶
绶,綬
黩,黷
绷,繃
绷,綳
绷,䙀
黪,黲
绸,綢
绹,綯
绺,綹
齑,齏
齑,韲
齑,虀
齑,䪡
齑,䪠
齑,䪣
齑,䪢
龀,齔
绻,綣
龁,齕
综,綜
龂,齗
龃,齟
龃,𪗱
绽,綻
绾,綰
龅,齙
龆,齠
绿,綠
绿,緑
龇,齜
缀,綴
缁,緇
缁,䊷
缁,䌶
龈,齦
龉,齬
龉,𪘚
龊,齪
缂,緙
缃,緗
龋,齲
龋,䶚
缄,緘
缅,緬
缆,纜
缆,䌫
龌,齷
缇,緹
缈,緲
缉,緝
缊,縕
缊,緼
缋,繢
缌,緦
缍,綞
缎,緞
缎,縀
缏,緶
缐,線
缐,綫
缐,线
龮,驥
龮,蘎
龮,𩦸
龮,骥
缑,緱
缒,縋
缒,䋘
缓,緩
钺,鉞
钺,龯
钺,䤦
缔,締
龯,鉞
龯,钺
龯,䤦
缕,縷
编,編
缗,緡
缗,緍
缘,緣
缘,縁
缙,縉
缙,縉
缚,縛
缛,縟
缜,縝
缝,縫
缝,綘
缞,縗
缟,縞
鹯,鸇
鹰,鷹
鹱,鸌
鹲,鸏
鹲,䴌
鹳,鸛
鹴,鸘
鼋,黿
鼌,鼂
鼍,鼉
龄,齢
龄,齡
钆,釓
钇,釔
针,針
缠,纏
缠,纒
缠,緾
缡,縭
缢,縊
缣,縑
凞,凞
缤,繽
缥,縹
缦,縵
缦,𦆅
缧,縲
缧,纝
缨,纓
缨,䋝
缩,縮
缪,繆
缫,繅
缬,纈
缭,繚
缮,繕
缯,繒
缰,繮
缱,繾
缲,繰
缳,繯
缴,繳
礼,礼
礼,禮
缵,纘
缵,纉
罚,罰
罚,罸
罴,羆
羟,羥
翘,翹
翙,翽
逸,逸
逸,逸
耢,耮
耧,耬
聂,聶
职,職
职,聀
职,軄
聍,聹
聓,婿
聓,壻
聓,聟
聪,聰
聪,聡
聪,聦
聫,聯
聫,聨
聫,聮
肀,聿
肃,肅
肃,粛
肠,腸
肠,膓
肾,腎
肿,腫
胁,脅
胁,脋
胁,𦚰
胨,腖
胪,臚
胫,脛
胫,𦙾
脏,臟
脏,臓
脐,臍
脐,𦜝
脐,䐡
脑,腦
脑,脳
脑,匘
脓,膿
脶,腡
脸,臉
腼,靦
腼,䩄
膑,臏
膑,髕
膑,髌
舣,艤
舱,艙
舻,艫
舻,舮
艰,艱
艰,囏
艳,艷
艳,艶
艳,豓
艳,豔
艳,𧰟
艺,藝
艺,芸
艺,兿
节,節
节,節
鶴,鶴
鶴,鸖
鶴,䳽
鶴,鹤
芗,薌
苈,藶
苍,蒼
苎,苧
苏,蘇
苏,蘓
茔,塋
茕,煢
茕,焭
茕,㒌
茕,㷀
荙,薘
荛,蕘
荜,蓽
荞,蕎
荟,薈
荡,蕩
荡,蘯
荡,盪
荥,滎
荦,犖
荧,熒
荨,蕁
荩,藎
荪,蓀
荪,䕖
荫,蔭
荫,䕃
荫,𦹥
荫,𨼲
荬,蕒
荭,葒
荮,葤
莳,蒔
莴,萵
莶,薟
㐵,儒
莸,蕕
莹,瑩
莺,鶯
莺,鴬
莺,鸎
莺,鷪
莺,鸴
㑇,㑳
㑈,倲
㑫,企
㑹,會
㑹,会
㑹,㞧
㑺,儁
㑺,㒞
㒷,興
钉,釘
钊,釗
钋,釙
钌,釕
钍,釷
钏,釧
钐,釤
钑,鈒
钒,釩
钓,釣
钔,鍆
钕,釹
钖,鍚
钗,釵
钘,鈃
钘,銒
钙,鈣
钚,鈈
钛,鈦
钜,鉅
钝,鈍
钝,䤜
钞,鈔
钠,鈉
钡,鋇
钢,鋼
钣,鈑
钤,鈐
钥,鑰
钦,欽
钧,鈞
钧,銁
钧,銞
钨,鎢
钩,鈎
钩,鉤
钪,鈧
钫,鈁
钬,鈥
钭,鈄
钮,鈕
钯,鈀
钰,鈺
钱,銭
钱,錢
钱,㦮
钲,鉦
钳,鉗
钳,䈤
钴,鈷
钵,鉢
钵,缽
钶,鈳
钷,鉕
莼,蒓
萖,莞
萚,蘀
萝,蘿
萦,縈
萧,蕭
萧,䔥
萨,薩
萨,蕯
蒌,蔞
䲘,鳤
鳤,䲘
釺,钎
钎,釺
㔉,劚
蓝,藍
蓠,蘺
蓥,鎣
蔷,薔
㕔,廳
㕔,庁
㕔,廰
㕔,厅
㕔,厛
蔹,蘞
蔹,蘝
蔼,譪
蔼,藹
蕲,蘄
蕴,蘊
㕘,參
㕘,参
㕘,叅
㕘,叄
㕘,叁
蕵,薞
藲,櫙
蘔,蘏
蘝,蘞
蘝,蔹
蘷,夔
蘷,虁
虏,虜
虏,虜
㖊,噚
虾,蝦
㖞,喎
虿,蠆
虿,䘍
蚀,蝕
㖭,舔
蚁,蟻
蚃,蠁
蚃,䖮
蛏,蟶
蛰,蟄
蛱,蛺
蛲,蟯
蛳,螄
蛴,蠐
蜖,蛔
蜗,蝸
蝈,蟈
蝾,蠑
螨,蟎
蟏,蠨
蟏,蟰
衔,銜
衔,啣
衔,㘅
衔,衘
补,補
补,䋠
衬,襯
袅,裊
袯,襏
裆,襠
裣,襝
褴,襤
褴,繿
褴,䍀
覄,覆
览,覽
览,覧
觊,覬
觌,覿
觞,觴
觯,觶
觯,觗
誊,謄
謢,護
謢,护
讆,讏
计,計
订,訂
讣,訃
认,認
讥,譏
讦,訐
讧,訌
讨,討
让,讓
让,譲
讪,訕
讫,訖
讬,託
训,訓
议,議
讯,訊
讯,訙
讯,䛜
㗑,唄
㗑,呗
记,記
记,𧪄
讱,訒
讲,講
讳,諱
讴,謳
讴,𧦅
讵,詎
讶,訝
讷,訥
许,許
讹,訛
讹,譌
㘔,㗷
㗷,㘔
㘃,喏
㘯,場
㘯,塲
㘯,场
㘽,栽
论,論
讻,訩
讻,詾
讼,訟
讼,䛦
讽,諷
设,設
访,訪
诀,訣
证,證
证,証
证,䥌
证,䥭
诂,詁
诃,訶
评,評
诅,詛
识,識
诇,詗
诈,詐
诉,訴
诊,診
诋,詆
诋,呧
诌,謅
词,詞
词,䛐
诎,詘
诏,詔
诐,詖
译,譯
译,訳
诒,詒
诓,誆
诔,誄
诔,䛶
试,試
诖,詿
诗,詩
诘,詰
㚄,疐
诙,詼
诚,誠
钸,鈽
钹,鈸
钻,鑽
钻,鑚
钼,鉬
钽,鉭
钾,鉀
钿,鈿
铀,鈾
铁,鐵
铁,鉄
铁,鐡
铁,銕
铁,䥫
铂,鉑
铃,鈴
铄,鑠
铅,鉛
铆,鉚
铆,𨥫
铇,鉋
铈,鈰
铉,鉉
铊,鉈
铋,鉍
铌,鈮
铍,鈹
铎,鐸
铎,鈬
铏,鉶
铐,銬
铑,銠
铒,鉺
铓,鋩
铓,釯
铔,錏
铕,銪
铖,鋮
铗,鋏
铗,𨦇
铘,鋣
铘,鎁
铙,鐃
铚,銍
铛,鐺
铜,銅
铝,鋁
诛,誅
诜,詵
话,話
话,䛡
诞,誕
诟,詬
诟,訽
诠,詮
诡,詭
询,詢
诣,詣
诤,諍
该,該
详,詳
诧,詫
诨,諢
诩,詡
诪,譸
诫,誡
诫,䛺
诬,誣
诬,誈
语,語
诮,誚
误,誤
诰,誥
诱,誘
诱,䛻
诲,誨
诳,誑
说,說
说,説
诵,誦
诶,誒
请,請
诸,諸
诸,諸
诹,諏
诺,諾
读,讀
读,読
诼,諑
诽,誹
课,課
诿,諉
谀,諛
谀,䛕
谁,誰
谂,諗
调,調
谄,諂
谄,讇
谅,諒
谆,諄
谇,誶
谈,談
谉,讅
谊,誼
谊,竩
谋,謀
谋,㖼
谌,諶
谍,諜
谎,謊
谎,詤
谏,諫
谏,諌
谐,諧
谑,謔
谒,謁
谒,謁
谓,謂
谔,諤
谕,諭
谖,諼
谗,讒
谗,䜛
谘,諮
谙,諳
谚,諺
谛,諦
谜,詸
谜,謎
谝,諞
谞,諝
谟,謨
谟,謩
谠,讜
谠,譡
谡,謖
谢,謝
谣,謠
谣,謡
谣,䚺
谤,謗
谥,謚
谥,諡
谦,謙
谧,謐
谨,謹
谨,謹
谩,謾
谩,㗄
谪,謫
谪,讁
谫,謭
谫,譾
谬,謬
谭,譚
谭,䜖
谮,譖
谮,譛
谯,譙
谰,讕
谰,譋
谱,譜
谲,譎
谳,讞
谴,譴
谵,譫
谶,讖
谶,䜟
豒,豑
豮,豶
賘,贓
賘,賍
賘,赃
賘,贜
账,賬
购,購
贱,賤
贱,賎
贲,賁
贽,贄
赉,賚
赎,贖
赵,趙
趸,躉
跃,躍
跄,蹌
跞,躒
跶,躂
跷,蹺
跸,蹕
跸,𠌫
跹,躚
跹,蹮
跺,跥
跻,躋
跻,䠁
踙,踂
踬,躓
踭,㬹
㛠,嫺
㛠,嫻
㛠,娴
踯,躑
蹒,蹣
蹿,躥
躗,躛
躼,軂
軚,軑
軚,轪
转,轉
转,転
轮,輪
轰,轟
轰,軣
轳,轤
轳,䡎
轹,轢
轻,輕
轻,軽
轿,轎
辆,輛
辆,輌
辔,轡
㛤,孋
㛲,髪
㛲,髮
㛲,发
㜀,孀
㝉,宁
㞠,屪
㟆,㠏
㟥,嵾
㟥,㠁
㟯,峉
㠜,嶷
㡎,幓
辩,辯
辩,弁
辩,䛒
辫,辮
辽,遼
迈,邁
迈,𨙚
迖,达
进,進
远,遠
远,逺
迟,遲
迟,遅
迟,遟
选,選
㢘,廉
㢘,廉
㢘,亷
㢠,迥
㢠,逈
㢠,䢛
㢭,弢
逊,遜
逊,愻
逦,邐
逻,邏
㣧,胤
邝,鄺
邬,鄔
邺,鄴
邻,鄰
邻,隣
邻,厸
郏,郟
郐,鄶
郦,酈
铞,銱
铠,鎧
铡,鍘
铢,銖
铣,銑
铤,鋌
铥,銩
铦,銛
铦,銽
铧,鏵
铨,銓
铩,鎩
铪,鉿
铫,銚
铬,鉻
铭,銘
铮,錚
铯,銫
铰,鉸
铱,銥
铲,鏟
铲,𨩱
铳,銃
铴,鐋
铵,銨
银,銀
铷,銣
铸,鑄
铸,鋳
铹,鐒
铺,鋪
铺,舗
铺,舖
铻,鋙
铼,錸
铽,鋱
链,鏈
铿,鏗
销,銷
锁,鎖
锁,鏁
锁,鎻
锂,鋰
锃,鋥
锄,鋤
锅,鍋
锆,鋯
锇,鋨
锈,銹
锈,鏥
锉,銼
锊,鋝
锋,鋒
锋,鏠
锋,鎽
锌,鋅
锎,鐦
锏,鐧
锏,鐗
锐,銳
锐,鋭
锑,銻
锒,鋃
锓,鋟
锔,鋦
锕,錒
锖,錆
锗,鍺
锘,鍩
错,錯
锚,錨
锛,錛
锜,錡
锝,鍀
锞,錁
锟,錕
锠,錩
锡,錫
锡,㒪
锢,錮
锣,鑼
锤,錘
锦,錦
锧,鑕
锩,錈
锫,錇
锫,鉳
锬,錟
锭,錠
键,鍵
锯,鋸
锰,錳
锱,錙
锱,鍿
锲,鍥
锳,鍈
锴,鍇
锵,鏘
锵,𨪙
锶,鍶
锷,鍔
锸,鍤
锹,鍬
锹,鍫
锺,鍾
锺,钟
锻,鍛
锻,煅
锼,鎪
锼,䤹
锽,鍠
锾,鍰
锿,鎄
锿,鑀
镀,鍍
镁,鎂
镂,鏤
镃,鎡
镄,鐨
镅,鎇
镆,鏌
镇,鎮
镇,鎭
镈,鎛
镉,鎘
镊,鑷
镋,钂
镌,鐫
镌,鎸
镍,鎳
镎,鎿
镎,錼
镏,鎦
镏,鐂
镐,鎬
镑,鎊
镒,鎰
镓,鎵
郸,鄲
酝,醞
酝,醖
酦,醱
酦,醗
酱,醬
酱,醤
酽,釅
㤘,㥮
酾,釃
㤭,憍
酿,釀
酿,醸
释,釋
释,釈
㤽,懤
㤽,㦞
鈫,鈙
鉳,錇
鉳,锫
鉴,鑒
鉴,鑑
鉴,鍳
鉴,鑬
㥪,慺
銱,铞
鋶,锍
锍,鋶
錼,镎
錼,鎿
㧏,掆
鍁,锨
锨,鍁
鍃,锪
㧐,㩳
锪,鍃
㧑,撝
鎼,罅
㧛,掔
㧛,孯
鎽,锋
鎽,鋒
鎽,鏠
㧟,擓
㧟,㨤
鏰,镚
镚,鏰
㧰,擽
㧰,攊
㧱,拿
㧱,拏
㧵,抔
铟,銦
㨘,擤
㨫,㩜
㨫,擥
㩁,搉
鑀,鎄
鑀,锿
鑔,镲
镲,鑔
㫣,黽
㫣,黾
㬟,朆
㭍,柒
㭎,棡
镔,鑌
镖,鏢
镗,鏜
镘,鏝
镘,𨭜
镙,鏍
镛,鏞
镛,銿
镜,鏡
镝,鏑
㮣,槩
㮣,概
㮣,槪
㱩,殰
镞,鏃
镟,鏇
镠,鏐
镡,鐔
镣,鐐
镢,鐝
镤,鏷
镥,鑥
镦,鐓
镦,鐜
镧,鑭
镧,钄
镨,鐠
镩,鑹
镪,鏹
镫,鐙
镬,鑊
镭,鐳
镮,鐶
镯,鐲
镰,鐮
镰,鎌
镰,䥥
镱,鐿
镳,鑣
镳,䮽
镴,鑞
镵,鑱
镵,䤫
镶,鑲
㲘,氍
㲲,氎
㲿,瀇
㳔,濧
㳕,灡
㳝,洭
㳠,澾
㳡,濄
㳰,溝
㴋,潚
㷛,煲
㸓,㫘
㹪,狦
㺍,獱
㺦,𤣆
㺯,弄
㺯,挊
㺯,挵
㺵,玖
㻅,璯
䳹,𪄺
䲝,䱽
䲝,鯧
䲝,鲳
䯅,䯀
䯄,騧
䭾,馱
䭾,駄
䭾,驮
䪢,齏
䪢,韲
䪢,虀
䪢,䪡
䪢,䪠
䪢,䪣
䪢,齑
䨙,霪
䨔,雹
䨔,䨌
䦢,闊
䦢,濶
䦢,𤄃
䦢,阔
䦆,钁
䦅,鐥
䥇,䦂
䦂,䥇
䥾,䥱
䥽,鏺
䥺,釾
䥥,鐮
䥥,鎌
䥥,镰
䤦,鉞
䤦,钺
䤦,龯
䡻,䡑
䡹,輊
䡹,轾
䠲,聆
䝙,貙
䜩,讌
䜧,譅
䜣,訢
䜖,譚
䜖,谭
䛸,詀
䙓,襬
䗖,螮
䓖,藭
䒿,膋
䏝,膞
䎬,䎱
䎬,耙
䍁,繸
䍀,繿
䍀,襤
䍀,褴
䌿,䋹
䌾,䋻
䌽,綵
䌼,綐
䌻,䋚
䌺,䋙
䌹,絅
䌸,縳
䌷,紬
䌷,䌧
䌶,䊷
䌶,緇
䌶,缁
䋞,網
䅟,穇
䅉,稏
䄽,秈
䁖,瞜
䀥,䁻
㿜,癟
㿜,瘪
㿔,癗
槛,檻
槟,檳
槟,㯽
槠,櫧
橼,櫞
锥,錐
驵,駔
𠀋,丈
𡈽,土
𡈽,圡
𡌛,野
𡌛,埜
𡌛,壄
𡌛,㙒
𠮟,叱
𡸴,嶮
𡸴,崄
𣝣,爵
𣳾,泰
𣳾,㤗
𥒎,碊
𥔎,碕
𥧄,竈
𥧄,竃
𥧄,灶
𥧄,䆴
𠺞,𠁈
𠺞,𠱰
𠱰,𠺞
𠱰,𠁈
𡕀,𠧋
𠧋,𡕀
𠡦,𠦚
𥢓,𥠢
𥠢,𥢓
𤪉,𨭻
𨭻,𤪉
𠦚,𠡦
𦫿,艾
𦫿,㘷
𠈓,倆
𠈓,俩
𠝁,制
𢦏,𢦒
𢦒,𢦏
𦣝,𦣞
𠌫,蹕
𠌫,跸
𠍱,集
𠍱,雧
𠍱,雦
𠑊,儼
𠑊,俨
𠝏,剣
𠝏,劍
𠝏,劎
𠝏,劔
𠝏,劒
𠝏,剱
𠝏,釼
𠝏,釰
𠝏,剑
𠠇,斲
𠠇,斵
𡉻,埣
𡉴,壚
𡉴,垆
𡋤,壗
𡋗,𡑭
𡑭,𡋗
𡙇,欠
𡙇,缺
𡙇,缼
𡡕,㜧
𡝂,妝
𡝂,妆
𡝂,娤
𡝂,䊋
𡧃,宇
𡧃,㡰
𡧃,㝢
𡧃,㙑
𣡼,栗
𣡼,㮚
𠨋,𠧪
𡵸,嶧
𡵸,峄
𡶒,岪
𡸳,嶢
𡸳,嶤
𡸳,峣
𢌞,廻
𢌞,廽
𢛳,德
𢛳,徳
𢛳,悳
𢛳,惪
𢛳,㥁
𢛳,恴
𢡛,懣
𢡛,㦖
𢡛,懑
𢭏,擣
𢭏,㨶
𢭏,捯
𢭐,撈
𢭐,捞
𢮦,撿
𢮦,捡
𢰤,掎
𣇃,舂
𣇃,㫪
𣆶,晩
𣆶,晚
𣏐,杓
𣏕,杮
𣎳,朩
𣑥,栲
𣓤,橈
𣓤,桡
𣘺,橋
𣘺,槗
𣘺,桥
𣠤,欟
𣠽,欛
𣪘,簋
𣪘,㔳
𣵀,涅
𣵀,湼
𣷹,添
𩧢,騁
𩧢,骋
𩪆,体
𩪆,體
𩪆,躰
𩪆,軆
𩪆,骵
𩪆,𩪆
𤄃,闊
𤄃,濶
𤄃,䦢
𤄃,阔
𤇆,煙
𤇆,烟
𤇆,㷑
𤚥,𦎌
𦎌,𤚥
𤭖,瓺
𫞉,柳
𫞉,桺
𫞉,栁
𫞉,桞
𫞉,橮
𠮷,吉
𨑒,徒
𤲽,校
𣥄,乏
𠟭,則
𠟭,则
𠟭,𠟻
𠟻,則
𠟻,则
𠟻,𠟭
𠏁,化
𠏁,㐶
𪛕,簫
𪛕,簘
𪛕,箫
𠄔,幻
𠄔,㕕
𫐃,申
𨘡,原
𨘡,厡
𨥥,鉱
𨥥,鑛
𤰖,畆
𤰖,畒
𤰖,畞
𤰖,畝
𤰖,㽗
𤰖,畮
𤰖,𤰖
𤰖,亩
𤸷,㿏
𤺋,疹
𥁊,盋
𥁕,昷
𥆩,睨
𥆩,𧡎
𧡎,睨
𧡎,𥆩
𥇥,瞼
𥇥,睑
𥈞,瞞
𥈞,瞒
𥧔,屁
𥫣,籅
𥫱,𥭒
𥭒,𥫱
𥱋,簗
鿄,梁
鿄,樑
𥸮,桑
𥸮,桒
𥼽,糖
𥼽,𥹥
𥼽,糛
𥹥,糖
𥹥,糛
𥹥,𥼽
𥹢,聞
𥹢,闻
𥻂,糷
𥻂,𥽭
𥽭,糷
𥽭,𥻂
𦀗,織
𦀗,织
𦍛,羕
𦍛,𣴎
𦐂,翼
𦐂,𦏵
𦏵,翼
𦏵,𦐂
𦙾,脛
𦙾,胫
𦜝,臍
𦜝,脐
𦜝,䐡
𦣪,塩
𦣪,鹽
𦣪,䀋
𦣪,盐
𦱳,茲
𦱳,茊
𦱳,兹
𦹥,蔭
𦹥,䕃
𦹥,荫
𦹥,𨼲
𦾔,旧
𦾔,舊
𧏾,䘌
𧑉,蛗
𧑉,䘀
𧑉,𧒂
𧒂,蛗
𧒂,䘀
𧒂,𧑉
𧜎,襷
𧦅,謳
𧦅,讴
𧪄,記
𧪄,记
𧮾,谿
𧮾,嵠
𧯇,豅
𡤞,䶯
𪗩,䶔
𪗿,䶛
𪗿,𪙂
𪙂,䶛
𪙂,𪗿
𪘘,䶝
𪙉,齹
𧶠,𧸇
𧶠,𧷗
𧶠,𧷏
𧸇,𧶠
𧸇,𧷗
𧸇,𧷏
𧷗,𧶠
𧷗,𧸇
𧷗,𧷏
𧷏,𧶠
𧷏,𧸇
𧷏,𧷗
𧸐,膩
𧸐,腻
𧸐,𦡸
𦡸,膩
𦡸,𧸐
𦡸,腻
𨂻,蹈
𨐌,辛
𨗉,邃
𨗉,䆳
𨥫,鉚
𨥫,铆
𨦇,鋏
𨦇,铗
𨩱,鏟
𨩱,铲
𨪙,鏘
𨪙,锵
𨫍,鏸
𨫤,𨯁
𨯁,𨫤
𨯯,鑓
𨸟,䧢
𨻫,隴
𨻫,陇
𨼲,蔭
𨼲,䕃
𨼲,𦹥
𨼲,荫
𩜙,饒
𩜙,饶
𩨗,骬
𩻄,鰥
𩻄,鳏
𩿎,鴉
𩿎,鵶
𩿎,鸦
𪃹,䳭
𪂂,鶾
𢈘,鹿
𪎌,麳
𪗱,齟
𪗱,龃
𪘂,齧
𪘂,囓
𨾇,鳪
𪄺,䳹
𨾣,鶩
𨾣,䳱
𨾣,鹜
𪅘,鷒
𪆂,𪆫
𪆫,𪆂
𪇚,鸉
𪇰,鸔
𪈪,鷎
𪈪,鷱
𪈪,𩀹
𩀹,鷎
𩀹,鷱
𩀹,𪈪
𣞛,棕
𣞛,椶
𣞛,㯶
𣠿,㯺
𣝙,杶
𣝙,櫄
𣝼,櫋
𣚀,𣚁
𣚁,𣚀
𣜡,欚
𣣷,嗤
𣣷,㰞
𣢆,㰟
𣣨,歃
𣣨,㰱
𣩼,㱫
𣮬,㲣
𣮬,𣮯
𣮯,㲣
𣮯,𣮬
𣱀,氌
𣱀,氇
𠕒,雨
𠕒,㲾
𠕒,𠕘
𠕒,𠕲
𠕒,𩁼
𠕘,雨
𠕘,㲾
𠕘,𠕒
𠕘,𠕲
𠕘,𩁼
𠕲,雨
𠕲,㲾
𠕲,𠕒
𠕲,𠕘
𠕲,𩁼
𩁼,雨
𩁼,㲾
𩁼,𠕒
𩁼,𠕘
𩁼,𠕲
𢙄,恭
𢙄,㳟
𢙄,𢚈
𢚈,恭
𢚈,㳟
𢚈,𢙄
𣷤,㳷
𣹝,㴥
𣹌,湫
𣹌,湬
𣹢,涵
𣹢,㴠
𣾩,漮
姬,姫
姬,姬
姬,㚦
𤣥,玄
𤣥,𤇡
𤇡,玄
𤇡,𤣥
𥾑,純
𥾑,纯
𥾑,㝄
𦣞,𦣝
𦯶,莔
𠋂,儳
𠋁,龠
𠋁,𠎤
𫥎,毚
𠗱,臧
𠣏,匃
𠣏,匄
𠯮,品
𠳮,喬
𡴛,毒
𡚖,帰
𡚖,歸
𡚖,皈
𡚖,㱕
𡚖,归
𡚖,䢜
𢈔,庾
𢊍,厨
𢊍,廚
𢊍,㕑
𢓶,通
𢗜,懌
𢗜,怿
𢙣,悪
𢙣,惡
𢙣,僫
𢙣,恶
𢹰,摽
𬖠,㪹
𬂲,椏
𬂲,桠
𣔳,柝
𣟅,楹
𣧍,𣧰
𣧰,𣧍
𥏏,殹
𣪠,毄
𣪱,敱
𣪱,敳
𣰐,裘
𤰞,卑
𤰞,卑
𥁚,䀄
𥁫,盞
𥁫,盏
𥃲,具
𦊷,瞏
𦊷,睘
𥬑,筑
𥴽,篠
𥴽,筱
𥴽,筿
𥹤,粣
𦆅,縵
𦆅,缦
𦢸,膊
𦯠,薍
𧈡,蚤
𧈡,䖣
𧈡,䗢
𡊮,袁
𡊮,𡋡
𡋡,袁
𡋡,𡊮
𧝹,裸
𧝹,躶
𧰟,艶
𧰟,艷
𧰟,豓
𧰟,豔
𧰟,艳
𮙞,象
𨊥,軎
𨑹,従
𨑹,從
𨑹,从
𨙚,邁
𨙚,迈
𨥲,銎
𬯆,陽
𬯆,阳
𬯆,阦
𬯆,霷
𩗗,颶
𩗗,飓
𩥖,駵
𩥖,騮
𩥖,骝
𩥖,驑
𩥖,駠
𩦸,驥
𩦸,蘎
𩦸,龮
𩦸,𩦸
𩦸,骥
𩫨,城
𪎪,黀
𪖅,鼢
𠎤,龠
𠎤,𠋁
𨭜,鏝
𨭜,镘
𦬆,芒
𤀥,㵺
𤐫,㶾
𤌑,熛
𧱎,𧱧
𧱧,𧱎
𤡀,㺊
𤣆,㺦
𢨋,誖
𡌳,域
𡌳,䧕
𡌳,㽣
𡌳,𢨊
𢨊,域
𢨊,㽣
𢨊,䧕
𢨊,𡌳
